Account_Number,Event_Code,Value_Date,Amount_Settled,Amount_Tag,LCY_Amount
4245836024,ACCR,2022-03-27,2907223.7,Main Interest Liquidation,646020.26
9339652053,ACCR,2022-11-26,1599467.11,Main Interest Liquidation,2760406.6
2185081115,ACCR,2022-03-26,1845100.88,Main Interest Liquidation,2528369.74
8286230278,ACCR,2022-11-07,2588209.52,Principal Liquidation,2702735.13
4251938658,ACCR,2022-03-28,737500.79,Principal Liquidation,1704634.59
4635861131,ACCR,2022-08-03,3008436.15,Principal Liquidation,1909179.21
2242136622,ACCR,2022-06-17,2853914.77,Main Interest Liquidation,2877177.45
4290178284,ACCR,2022-07-21,1668820.19,Main Interest Liquidation,3143846.2
1002625304,ACCR,2022-12-16,216587.48,Penal Interest Liquidation,435485.02
4039484424,ACCR,2022-12-01,3150160.13,Accrued Interest Liquidation,1305607.22
9108307913,ACCR,2022-05-21,1345108.76,Principal Liquidation,2487255.04
2827856739,ACCR,2022-01-28,1874435.32,Principal Liquidation,311433.36
4271675960,ACCR,2022-08-31,2298761.21,Main Interest Liquidation,1884268.68
9919996185,ACCR,2022-10-25,106528.15,Accrued Interest Liquidation,1929174.16
3523135626,ACCR,2022-12-21,2852310.58,Main Interest Liquidation,2322460.5
3892266239,ACCR,2022-06-05,3354756.81,Main Interest Liquidation,1107929.11
2517148210,ACCR,2022-07-21,394995.49,Principal Liquidation,819718.51
3266409269,ACCR,2022-12-11,530606.1,Main Interest Liquidation,2456422.04
4202450903,ACCR,2022-08-20,369294.18,Principal Liquidation,2403951.8
3963117634,ACCR,2022-01-08,1979780.49,Principal Liquidation,2943572.76
8744795543,ACCR,2022-01-22,3381530.28,Accrued Interest Liquidation,651638.31
6582179100,ACCR,2022-03-31,783408.24,Main Interest Liquidation,2958046.68
2003016747,ACCR,2022-10-03,258597.49,Main Interest Liquidation,1714926.7
3271340886,ACCR,2022-01-18,2214681.71,Main Interest Liquidation,359110.98
2883340959,ACCR,2022-10-17,3267891.73,Principal Liquidation,1344980.7
6872155565,ACCR,2022-04-08,202203.85,Main Interest Liquidation,2541916.27
6498286780,ACCR,2022-07-03,186906.82,Principal Liquidation,2876722.5
865032763,ACCR,2022-08-27,2295420.01,Main Interest Liquidation,1306009.81
4780194984,ACCR,2022-07-30,2587459.3,Principal Liquidation,3207017.9
4147142243,ACCR,2022-11-13,1121113.14,Principal Liquidation,2224535.59
5775414150,ACCR,2022-11-24,2840506.04,Accrued Interest Liquidation,3086244.58
4811455549,ACCR,2022-11-04,300232.56,Principal Liquidation,185865.56
6015393793,ACCR,2022-03-06,220538.21,Main Interest Liquidation,35221.96
9838705188,ACCR,2022-11-27,1142691.41,Main Interest Liquidation,1129986.12
9978219384,ACCR,2022-05-15,1356012.69,Main Interest Liquidation,2408973.92
6431581684,ACCR,2022-12-29,657066.04,Main Interest Liquidation,2706480.49
7322284037,ACCR,2022-05-15,2974623.47,Principal Liquidation,2230339.91
106221139,ACCR,2022-01-07,100484.62,Main Interest Liquidation,2433228.37
5164559743,ACCR,2022-09-03,942286.34,Main Interest Liquidation,1439769.77
2022572151,ACCR,2022-07-29,488258.36,Principal Liquidation,1206955.63
7678171317,ACCR,2022-01-10,1456919.65,Accrued Interest Liquidation,2379471.07
516689305,ACCR,2022-02-08,1706711.18,Main Interest Liquidation,191566.41
6169575896,ACCR,2022-04-26,1721600.68,Principal Liquidation,2815712.34
3854825792,ACCR,2022-02-15,208461.95,Main Interest Liquidation,181709.58
7314820871,ACCR,2022-07-08,1951604.41,Principal Liquidation,1722423.27
793437115,ACCR,2022-12-08,241614.53,Principal Liquidation,1094268.18
4482226276,ACCR,2022-07-23,2610977.95,Principal Liquidation,2100392.91
3589341328,ACCR,2022-10-22,2812201.21,Main Interest Liquidation,325073.93
4761824208,ACCR,2022-02-14,648754.32,Principal Liquidation,1238099
8176104118,ACCR,2022-08-21,1109955.31,Main Interest Liquidation,1629908.58
8901293973,ACCR,2022-03-23,3133886.12,Main Interest Liquidation,2840511.2
2680326512,ACCR,2022-05-12,44956.82,Principal Liquidation,3089636.53
5759185805,ACCR,2022-05-23,790063.09,Principal Liquidation,2644304.89
7464033417,ACCR,2022-10-12,3375569.64,Principal Liquidation,1333171.33
6008518240,ACCR,2022-04-17,2850525.01,Principal Liquidation,1518797.16
9408466155,ACCR,2022-05-18,2418587.14,Main Interest Liquidation,717189.6
4912873205,ACCR,2022-09-23,1710430.03,Main Interest Liquidation,2851431.37
616539584,ACCR,2022-10-04,1610369.67,Principal Liquidation,1237455.09
1390367259,ACCR,2022-08-15,1185090.88,Main Interest Liquidation,2453119.45
2660231908,ACCR,2022-06-03,828026.06,Main Interest Liquidation,741111.53
6485746027,ACCR,2022-08-30,792034.6,Main Interest Liquidation,751688.89
4798067716,ACCR,2022-09-30,1158557.47,Main Interest Liquidation,3292394.47
9065525000,ACCR,2022-06-20,1801751.63,Principal Liquidation,949616.68
363012359,ACCR,2022-10-12,2063977.16,Principal Liquidation,1963579.4
6099498483,ACCR,2022-09-14,1087785.84,Main Interest Liquidation,273082.87
297432745,ACCR,2022-05-25,2321923.61,Principal Liquidation,883355.21
6863533124,ACCR,2022-03-07,506430.24,Principal Liquidation,362886.86
3245159794,ACCR,2022-11-02,712113.29,Principal Liquidation,717244.32
6295481550,ACCR,2022-01-29,540389.25,Principal Liquidation,2733463.93
2848195423,ACCR,2022-08-24,843235.75,Main Interest Liquidation,3017402.2
9178185452,ACCR,2022-05-23,1589254.49,Main Interest Liquidation,1878398.55
1126562464,ACCR,2022-02-01,50529.25,Main Interest Liquidation,3488350.02
570506882,ACCR,2022-10-28,2983035.58,Principal Liquidation,2978337.09
6624967905,ACCR,2022-08-14,901375.71,Principal Liquidation,321355.32
7401454609,ACCR,2022-10-12,824945.58,Main Interest Liquidation,1214608.1
6788151731,ACCR,2022-08-16,2076205.64,Main Interest Liquidation,3471612.69
2199976753,ACCR,2022-02-14,2718701.83,Principal Liquidation,2419143.22
7353265285,ACCR,2022-02-24,1922632.95,Main Interest Liquidation,1064556.89
9381464467,ACCR,2022-02-08,1046281.79,Main Interest Liquidation,459703.7
2704661884,ACCR,2022-04-11,958033.99,Penal Interest Liquidation,2866595.38
5108885156,ACCR,2022-04-23,1908405.9,Main Interest Liquidation,1824042.28
2984450898,ACCR,2022-10-19,1994480.85,Principal Liquidation,334123.52
2496860053,ACCR,2022-01-04,3371351.2,Principal Liquidation,2579900.94
5189685909,ACCR,2022-01-20,2064377.56,Main Interest Liquidation,1144495.31
7774701446,ACCR,2022-10-18,2837784.26,Main Interest Liquidation,3097673.66
9085548748,ACCR,2022-02-21,1034896.46,Main Interest Liquidation,3430390.2
8464693888,ACCR,2022-06-28,871652.09,Accrued Interest Liquidation,544478.92
3943250533,ACCR,2022-01-10,1813242.16,Principal Liquidation,1925980.89
597949990,ACCR,2022-01-17,1112476.66,Main Interest Liquidation,2630143.41
2241323749,ACCR,2022-10-22,405452.48,Principal Liquidation,292670.27
8138562600,ACCR,2022-02-05,719641.61,Main Interest Liquidation,1762529.79
226216925,ACCR,2022-09-26,2381761.25,Principal Liquidation,2194424.64
5514766513,ACCR,2022-10-21,881389.89,Main Interest Liquidation,1611216.27
1690432491,ACCR,2022-01-23,2514247.4,Principal Liquidation,102391.02
5046252779,ACCR,2022-01-18,1123512.3,Main Interest Liquidation,2954181.44
1589984635,ACCR,2022-04-22,2570207.64,Main Interest Liquidation,2042721.05
4282839974,ACCR,2022-12-05,1176611.29,Principal Liquidation,1715273.28
5791854267,ACCR,2022-03-28,79371.91,Accrued Interest Liquidation,1792399.5
1626157952,ACCR,2022-05-08,2834479.58,Main Interest Liquidation,450370.3
2956494087,ACCR,2022-11-16,907269.23,Main Interest Liquidation,2873415.41
4806429872,ACCR,2022-11-12,723060.75,Main Interest Liquidation,1734998.31
3601535826,ACCR,2022-08-04,1746442.32,Principal Liquidation,3389310.51
1019764151,ACCR,2022-07-22,2246052.44,Main Interest Liquidation,1970833.87
4465795197,ACCR,2022-08-19,611349.85,Main Interest Liquidation,1828625.65
7364079045,ACCR,2022-11-23,1271936.18,Accrued Interest Liquidation,3061591.35
9135577353,ACCR,2022-07-20,2714873.76,Principal Liquidation,3119825.78
9262804475,ACCR,2022-08-06,1158663.81,Main Interest Liquidation,664857.66
2330366698,ACCR,2022-04-08,3152570.39,Principal Liquidation,2075301.93
4341197965,ACCR,2022-01-29,1823198.23,Main Interest Liquidation,795265.91
5724741283,ACCR,2022-06-15,1901589.53,Main Interest Liquidation,1368178.06
1656108265,ACCR,2022-07-30,1707884.38,Main Interest Liquidation,2647902.27
4037519051,ACCR,2022-12-19,167696.92,Accrued Interest Liquidation,1605601.42
1039386318,ACCR,2022-07-10,2680382.45,Main Interest Liquidation,2685060.39
1571895588,ACCR,2022-09-25,3288921.82,Principal Liquidation,2877749.41
997330747,ACCR,2022-01-26,3356512.94,Principal Liquidation,2875146.82
7475303019,ACCR,2022-08-23,1214687.78,Principal Liquidation,2404102.79
4278388502,ACCR,2022-08-11,625670.29,Penal Interest Liquidation,3013003.36
30748245,ACCR,2022-01-07,949333.06,Principal Liquidation,1540822.98
8517575456,ACCR,2022-07-29,1066818.2,Principal Liquidation,1823072.84
1633444666,ACCR,2022-06-26,2822544.34,Main Interest Liquidation,1236095.05
5345129830,ACCR,2022-11-19,2373039.69,Principal Liquidation,2755167.22
6059080905,ACCR,2022-07-25,1870161.38,Principal Liquidation,1345401.09
8626524997,ACCR,2022-07-18,2728818.33,Accrued Interest Liquidation,1116079.08
8497009800,ACCR,2022-08-26,1907024.11,Principal Liquidation,2012454.57
9859671421,ACCR,2022-08-29,1809308.03,Principal Liquidation,1455053.73
8804813936,ACCR,2022-04-24,936869.83,Principal Liquidation,2533632.93
2958566615,ACCR,2022-09-22,440750.19,Accrued Interest Liquidation,2667235.86
3312862197,ACCR,2022-12-23,2108065.19,Accrued Interest Liquidation,1298918.25
7698197866,ACCR,2022-05-29,2820999.14,Main Interest Liquidation,3315735.68
5181461935,ACCR,2022-06-26,1156931.43,Principal Liquidation,601595
7775985699,ACCR,2022-01-12,1167560.17,Principal Liquidation,1368653.58
5730297924,ACCR,2022-03-12,3246489.01,Principal Liquidation,166498.14
2144992455,ACCR,2022-10-02,124253.21,Accrued Interest Liquidation,1600990.48
9414389129,ACCR,2022-01-03,1237633.29,Main Interest Liquidation,3229808.87
4580599390,ACCR,2022-06-09,2079308.42,Main Interest Liquidation,2010751.5
966762329,ACCR,2022-11-21,2437609.48,Principal Liquidation,1495337.7
3843319856,ACCR,2022-10-24,1230705.33,Main Interest Liquidation,178112.84
5679084023,ACCR,2022-03-09,1468109.12,Main Interest Liquidation,1138431.99
8952441745,ACCR,2022-03-03,416259.82,Main Interest Liquidation,1875510.8
2749599942,ACCR,2022-07-09,3005115.3,Main Interest Liquidation,2433427.4
8389590407,ACCR,2022-09-06,2654986.48,Main Interest Liquidation,1289777.11
1550307099,ACCR,2022-09-13,3319802.33,Main Interest Liquidation,435462.18
7381649280,ACCR,2022-10-31,604491.19,Principal Liquidation,3067096.62
2788106487,ACCR,2022-04-26,2828513.06,Principal Liquidation,3128498.56
1375944237,ACCR,2022-10-28,2842555.16,Principal Liquidation,680631.32
4982423742,ACCR,2022-09-26,2753857.67,Main Interest Liquidation,606707.43
5068073276,ACCR,2022-02-21,2632011.29,Principal Liquidation,2777027.51
3686488562,ACCR,2022-03-18,2147935.55,Principal Liquidation,177759.77
8829751276,ACCR,2022-03-23,3386425.8,Principal Liquidation,2493078.03
9835711290,ACCR,2022-07-16,206124.63,Main Interest Liquidation,200088.58
3875209199,ACCR,2022-06-05,402208.07,Principal Liquidation,3294679.89
8533274901,ACCR,2022-05-28,1492203.69,Main Interest Liquidation,3088186.74
2761732103,ACCR,2022-06-21,1818075.42,Main Interest Liquidation,1924850.33
5032241798,ACCR,2022-01-27,146808.39,Penal Interest Liquidation,2750587.69
68525947,ACCR,2022-06-27,1469999.52,Principal Liquidation,2831015.39
5553158195,ACCR,2022-05-09,2278834.29,Accrued Interest Liquidation,965269.76
2053406220,ACCR,2022-11-09,1081190.39,Main Interest Liquidation,1373341.48
273852400,ACCR,2022-10-23,2086356.27,Penal Interest Liquidation,1416273.18
3433249704,ACCR,2022-11-15,1630716.37,Principal Liquidation,3182269.75
7440543163,ACCR,2022-02-16,1543638.1,Principal Liquidation,3376651.37
5466040763,ACCR,2022-04-10,1731767.67,Principal Liquidation,2438294.41
7515432693,ACCR,2022-11-02,539221.5,Principal Liquidation,2220143.44
8182036094,ACCR,2022-02-10,1554312.1,Principal Liquidation,3175644.19
3542367025,ACCR,2022-03-26,2755417.22,Accrued Interest Liquidation,2635030.13
2176803858,ACCR,2022-03-16,2994731.75,Accrued Interest Liquidation,3197985.05
7674531659,ACCR,2022-10-17,998153.99,Principal Liquidation,982488.96
8652093728,ACCR,2022-08-28,359844.8,Main Interest Liquidation,814960.81
5961678101,ACCR,2022-08-12,2700561.6,Main Interest Liquidation,1302186.29
333884347,ACCR,2022-06-27,1394629.06,Principal Liquidation,1785127.51
1272473716,ACCR,2022-09-04,2339984.89,Penal Interest Liquidation,1143603.4
5283404400,ACCR,2022-01-07,643528.77,Principal Liquidation,1528887.68
9644892264,ACCR,2022-03-17,2294184.14,Main Interest Liquidation,3393899.56
6991539750,ACCR,2022-01-15,671079.46,Main Interest Liquidation,282596.75
8352383113,ACCR,2022-02-22,261638.62,Main Interest Liquidation,134507.51
9232703953,ACCR,2022-10-06,1229135.54,Principal Liquidation,3342751.04
7246704336,ACCR,2022-07-24,578613.71,Main Interest Liquidation,3045877.01
6620859872,ACCR,2022-08-17,2316718.98,Principal Liquidation,1242835.51
997609173,ACCR,2022-10-04,2963925.58,Principal Liquidation,252747.18
7961060285,ACCR,2022-02-21,1883284.99,Principal Liquidation,1158999.33
8468276959,ACCR,2022-01-21,2355611.28,Main Interest Liquidation,2117909.1
7929045300,ACCR,2022-07-19,208015.8,Principal Liquidation,1579438.18
3284430405,ACCR,2022-06-06,2479710.88,Main Interest Liquidation,225282.62
6296048761,ACCR,2022-07-29,649528,Principal Liquidation,3272916.67
2312161905,ACCR,2022-01-01,3357014.62,Main Interest Liquidation,2756208.6
2308110887,ACCR,2022-08-14,1707297.04,Penal Interest Liquidation,2234604.58
6227581202,ACCR,2022-08-20,2796767.63,Main Interest Liquidation,1018367.69
4037459836,ACCR,2022-06-12,1771314.58,Principal Liquidation,3175093.61
8367335208,ACCR,2022-06-07,1345172.11,Main Interest Liquidation,3496800.7
9704355552,ACCR,2022-01-19,2573004.47,Main Interest Liquidation,274186.05
2595963885,ACCR,2022-06-13,2773847.32,Principal Liquidation,3042771.35
7548644161,ACCR,2022-01-16,1835351.16,Principal Liquidation,501907.46
1177775565,ACCR,2022-02-26,2838072.93,Principal Liquidation,2958719.63
6711342557,ACCR,2022-05-20,2241106.07,Principal Liquidation,2058691.69
7751065407,ACCR,2022-12-26,761140.8,Main Interest Liquidation,766948.14
219159913,ACCR,2022-12-24,1714804.05,Main Interest Liquidation,2664248.68
7639057580,ACCR,2022-11-02,2833981.52,Main Interest Liquidation,2210182.46
3475353970,ACCR,2022-12-08,81410.8,Penal Interest Liquidation,1497014.6
8178942115,ACCR,2022-09-26,3403267.48,Main Interest Liquidation,415612.07
4859600492,ACCR,2022-02-17,1809819.09,Penal Interest Liquidation,2080229.15
1204373876,ACCR,2022-11-19,2285986.55,Penal Interest Liquidation,791395.87
7932380136,ACCR,2022-11-30,3159609.7,Principal Liquidation,1640943.11
9410083199,ACCR,2022-05-30,1811533.97,Main Interest Liquidation,1649299.61
9749994850,ACCR,2022-12-29,2730579.46,Principal Liquidation,316947.5
7698118709,ACCR,2022-07-23,1600000.88,Principal Liquidation,1902291.7
3593302916,ACCR,2022-06-19,1874225.98,Accrued Interest Liquidation,3229638.86
272263143,ACCR,2022-07-15,1517167.4,Main Interest Liquidation,2505400.33
6479198693,ACCR,2022-04-06,1027880.73,Principal Liquidation,325491
3153845036,ACCR,2022-08-13,368465.67,Accrued Interest Liquidation,1309735.68
9823191030,ACCR,2022-08-20,1250735.05,Principal Liquidation,3196992.11
1202491740,ACCR,2022-02-07,1101619.54,Main Interest Liquidation,3052965.32
5478106955,ACCR,2022-08-10,1005607.43,Penal Interest Liquidation,1176316.93
8545309039,ACCR,2022-05-12,1404573.77,Accrued Interest Liquidation,1718878.04
5908320082,ACCR,2022-05-30,859612.84,Main Interest Liquidation,275287.15
9523008223,ACCR,2022-08-26,2244100.15,Main Interest Liquidation,632826.19
914515920,ACCR,2022-05-27,1741555.87,Main Interest Liquidation,2577197.22
5509508666,ACCR,2022-10-17,2186911.15,Principal Liquidation,834554.11
2914812406,ACCR,2022-02-27,1659478.83,Main Interest Liquidation,1391181.34
5072046629,ACCR,2022-06-18,2368448.1,Main Interest Liquidation,1710486.06
8692001779,ACCR,2022-08-25,93258.97,Main Interest Liquidation,1226632.58
3908648739,ACCR,2022-10-01,1903327.78,Principal Liquidation,2480900.12
1410737865,ACCR,2022-04-26,2619016.77,Penal Interest Liquidation,1672129.38
8803964346,ACCR,2022-11-22,729384.34,Principal Liquidation,3286537.38
1118629208,ACCR,2022-09-05,2911785.19,Main Interest Liquidation,857275.71
9217399603,ACCR,2022-01-12,3348886.86,Penal Interest Liquidation,2309330.33
9082289731,ACCR,2022-05-09,1214179.21,Principal Liquidation,168567.76
9191454602,ACCR,2022-05-15,327124.42,Principal Liquidation,1965486.98
5363759604,ACCR,2022-05-31,3074559.6,Principal Liquidation,1552508.19
5197244570,ACCR,2022-08-04,1161374.33,Main Interest Liquidation,2094537.49
3738373532,ACCR,2022-05-13,609257.18,Accrued Interest Liquidation,354693.66
7124820744,ACCR,2022-05-22,1123184.89,Main Interest Liquidation,1019489.17
3123376753,ACCR,2022-08-03,1023900.53,Penal Interest Liquidation,708983.43
1061402893,ACCR,2022-07-10,2750007.77,Principal Liquidation,1635144.79
1212822975,ACCR,2022-11-08,2987472.28,Principal Liquidation,1407929.53
5085371135,ACCR,2022-09-18,2733696.86,Main Interest Liquidation,463626.29
8761656740,ACCR,2022-05-25,799229.49,Principal Liquidation,1778152.7
1196594616,ACCR,2022-01-27,1165925.03,Main Interest Liquidation,2435430.82
8794334723,ACCR,2022-01-09,2674651.86,Principal Liquidation,2539779.48
3559767672,ACCR,2022-03-09,1617759.29,Principal Liquidation,1001258.25
9411049290,ACCR,2022-01-23,254015.8,Main Interest Liquidation,3269108.97
8044441203,ACCR,2022-09-15,1016851.56,Principal Liquidation,895235.84
7173575945,ACCR,2022-08-15,2635729.35,Accrued Interest Liquidation,2645003.8
7345460016,ACCR,2022-01-24,789585.1,Main Interest Liquidation,128949.82
9125148223,ACCR,2022-11-23,1477658.07,Principal Liquidation,518186.62
6697287716,ACCR,2022-09-27,2158988.07,Penal Interest Liquidation,1862246.48
2426698343,ACCR,2022-10-03,1803865.75,Main Interest Liquidation,2275454.49
1224695483,ACCR,2022-02-12,1786985.46,Main Interest Liquidation,558188.08
6286829853,ACCR,2022-10-30,3270018.5,Main Interest Liquidation,1549394.54
1203918110,ACCR,2022-12-06,3225858.38,Accrued Interest Liquidation,2891756.49
5123758079,ACCR,2022-01-12,2903540.36,Main Interest Liquidation,304073.68
2503702795,ACCR,2022-09-20,2676125.52,Main Interest Liquidation,185277.78
5095226358,ACCR,2022-07-02,3317793.22,Main Interest Liquidation,2685538.16
7340920926,ACCR,2022-01-01,3106686.52,Main Interest Liquidation,39459.74
1206051312,ACCR,2022-01-15,1151044,Main Interest Liquidation,1180361.62
7205913541,ACCR,2022-08-01,723359.01,Main Interest Liquidation,2798724.04
9733699393,ACCR,2022-09-22,2779191.15,Main Interest Liquidation,3155364.15
4699645110,ACCR,2022-05-08,1656254.86,Main Interest Liquidation,35042.18
3779937240,ACCR,2022-05-16,50185.01,Principal Liquidation,2647079.77
2573059875,ACCR,2022-09-01,1819805.56,Principal Liquidation,917341.1
9881751696,ACCR,2022-09-06,2296169.5,Main Interest Liquidation,2953971.93
8089321897,ACCR,2022-08-07,381204.22,Principal Liquidation,616910.61
5216287459,ACCR,2022-07-11,1754519.53,Penal Interest Liquidation,3335379.09
7013640863,ACCR,2022-06-12,837299.34,Main Interest Liquidation,3425847.64
3015712714,ACCR,2022-07-12,399851.52,Main Interest Liquidation,2785687.6
2057485161,ACCR,2022-06-29,384229.41,Main Interest Liquidation,2986740.93
2960647792,ACCR,2022-10-11,1336633.54,Main Interest Liquidation,529635.74
5801705963,ACCR,2022-09-03,40364.14,Main Interest Liquidation,1035331.56
2154463117,ACCR,2022-09-29,1878712.21,Penal Interest Liquidation,2042824.2
3652070746,ACCR,2022-04-19,3290030.41,Penal Interest Liquidation,2710462.97
4277049403,ACCR,2022-07-02,2913088.47,Main Interest Liquidation,83229.43
7447768119,ACCR,2022-12-08,1603340.44,Main Interest Liquidation,367418.53
9431098928,ACCR,2022-04-01,2732341.36,Main Interest Liquidation,3203966.48
736548918,ACCR,2022-04-07,245239.02,Principal Liquidation,3159155.59
1714505115,ACCR,2022-04-27,1073413.6,Main Interest Liquidation,895531.57
7888106857,ACCR,2022-04-07,171242.43,Penal Interest Liquidation,2025629.34
3643358230,ACCR,2022-04-20,2281704.01,Main Interest Liquidation,203976.81
2746390275,ACCR,2022-09-18,2449029.34,Main Interest Liquidation,2909479.23
5206859201,ACCR,2022-05-04,199551.71,Principal Liquidation,126646.06
4404459870,ACCR,2022-04-27,1751456.7,Main Interest Liquidation,80623.93
3063286537,ACCR,2022-07-25,2894718,Main Interest Liquidation,297385.25
7436025910,ACCR,2022-01-24,1188293.96,Principal Liquidation,1947292.66
2790858633,ACCR,2022-08-05,3211151.06,Main Interest Liquidation,1012240.61
1532584927,ACCR,2022-01-11,2558233.31,Main Interest Liquidation,2479119.09
1027789714,ACCR,2022-04-17,2993006.79,Accrued Interest Liquidation,2225393.83
1791857465,ACCR,2022-11-02,3157143.49,Principal Liquidation,2480467.23
4133955926,ACCR,2022-07-01,1587726.66,Principal Liquidation,1076258.19
2327612884,ACCR,2022-09-02,442741.36,Penal Interest Liquidation,2299512.92
4437946887,ACCR,2022-08-09,822985.46,Main Interest Liquidation,1396068.23
3032867371,ACCR,2022-12-28,2463218.91,Main Interest Liquidation,2917168.66
9124378326,ACCR,2022-05-29,2339256.68,Main Interest Liquidation,1114319.99
4667134714,ACCR,2022-03-18,2635181.74,Main Interest Liquidation,518872.73
5269666651,ACCR,2022-05-12,642392.07,Main Interest Liquidation,2072042.39
5843208238,ACCR,2022-01-07,1553940.53,Main Interest Liquidation,639519.16
3872533388,ACCR,2022-02-20,1097067.79,Principal Liquidation,3031501.67
8169726387,ACCR,2022-06-05,615721.26,Main Interest Liquidation,121381.55
4669638482,ACCR,2022-03-10,2545718.81,Principal Liquidation,3181443.28
3910842666,ACCR,2022-08-16,790045.23,Principal Liquidation,449145.14
6139237708,ACCR,2022-07-29,2521335.84,Principal Liquidation,1167155.15
1763978630,ACCR,2022-06-16,2374483.81,Main Interest Liquidation,1188305.35
3319885007,ACCR,2022-05-07,927523.9,Penal Interest Liquidation,1398501.35
4754506298,ACCR,2022-01-28,469436.29,Main Interest Liquidation,2937608.21
8528115635,ACCR,2022-04-16,1945165.05,Main Interest Liquidation,3379475.49
3820558982,ACCR,2022-07-17,3045889.21,Principal Liquidation,1512423.68
6911246879,ACCR,2022-08-19,2923967.7,Main Interest Liquidation,686323.11
7703316402,ACCR,2022-10-13,2529251.5,Main Interest Liquidation,1843513.39
6882057483,ACCR,2022-12-01,635329.54,Principal Liquidation,913740.75
9364878602,ACCR,2022-04-07,1314781.03,Principal Liquidation,787286.6
3908723099,ACCR,2022-06-26,1524827.63,Accrued Interest Liquidation,95256.66
398199068,ACCR,2022-04-17,2742056.37,Accrued Interest Liquidation,1286031.34
967557014,ACCR,2022-06-10,1763983.47,Principal Liquidation,708472.2
3416326352,ACCR,2022-05-14,2511354.6,Principal Liquidation,530185.95
669152710,ACCR,2022-05-12,1111805.03,Main Interest Liquidation,3252039.84
5669172864,ACCR,2022-07-04,3422225.45,Principal Liquidation,2498818.14
4085828885,ACCR,2022-08-04,133399.42,Principal Liquidation,409884.97
4427711327,ACCR,2022-12-05,3328435.16,Principal Liquidation,599302.73
2905286883,ACCR,2022-07-26,3255542.8,Principal Liquidation,782326.47
8390650904,ACCR,2022-05-30,3007223.03,Principal Liquidation,3433333.62
214398458,ACCR,2022-07-05,2393030.6,Main Interest Liquidation,1402767.2
7765138512,ACCR,2022-08-23,2567950.39,Principal Liquidation,145803.52
4939644459,ACCR,2022-05-15,746489.61,Penal Interest Liquidation,1412260.07
1542313987,ACCR,2022-01-17,197354.91,Main Interest Liquidation,3179724.82
9413040538,ACCR,2022-10-20,2065956.98,Main Interest Liquidation,1134360.56
2208745421,ACCR,2022-03-28,931593.31,Principal Liquidation,3132829.14
8532590426,ACCR,2022-09-07,372023.82,Principal Liquidation,2323773.86
1071684404,ACCR,2022-11-12,1706368.47,Accrued Interest Liquidation,1776630.4
584145634,ACCR,2022-06-02,3474993.7,Main Interest Liquidation,173219.96
8882547776,ACCR,2022-10-14,1699294.98,Main Interest Liquidation,1157267.03
7749754068,ACCR,2022-08-10,881681.84,Principal Liquidation,2505399.66
9471164219,ACCR,2022-01-20,2286286.14,Principal Liquidation,2379995.41
4120181580,ACCR,2022-01-30,2073458.98,Principal Liquidation,716442.57
8772935254,ACCR,2022-05-29,2329556.43,Accrued Interest Liquidation,755645.84
6323916151,ACCR,2022-02-11,3345444.39,Main Interest Liquidation,3300681.32
7943829571,ACCR,2022-07-31,3236847.44,Principal Liquidation,1654756.3
6413338647,ACCR,2022-10-18,2415593.7,Penal Interest Liquidation,460213.15
3522701069,ACCR,2022-07-28,2797154.51,Principal Liquidation,1393222.58
3679151897,ACCR,2022-03-01,2921310.44,Main Interest Liquidation,2176728.09
3990388357,ACCR,2022-07-19,1907242.39,Principal Liquidation,1321900.68
9397635475,ACCR,2022-07-18,1533125.74,Main Interest Liquidation,154072.7
3257513366,ACCR,2022-03-20,709631.7,Main Interest Liquidation,365371.06
2801257369,ACCR,2022-06-11,2267918.34,Principal Liquidation,3128354.63
3593598580,ACCR,2022-06-07,2881963.25,Main Interest Liquidation,3450820.15
317126183,ACCR,2022-03-28,3331995.88,Main Interest Liquidation,1959473.83
7479967891,ACCR,2022-05-04,2744422.74,Main Interest Liquidation,420356.7
103004722,ACCR,2022-05-04,3003012.31,Accrued Interest Liquidation,1146016.43
2784022255,ACCR,2022-04-24,2054871.41,Main Interest Liquidation,3304665.69
9786647137,ACCR,2022-12-02,1737190.54,Principal Liquidation,793487.75
1650009489,ACCR,2022-04-18,652574.03,Main Interest Liquidation,1214668.5
4681259302,ACCR,2022-09-02,2969351.21,Main Interest Liquidation,3382175.32
3953155347,ACCR,2022-03-10,3106951.18,Main Interest Liquidation,2897208
8591981090,ACCR,2022-05-20,2603390.12,Main Interest Liquidation,1488790.28
8432979147,ACCR,2022-05-03,938906.5,Principal Liquidation,214637.18
9976274670,ACCR,2022-05-07,2509565.55,Main Interest Liquidation,1984692.49
8321062294,ACCR,2022-09-29,1618826.44,Penal Interest Liquidation,1646907.15
8161570048,ACCR,2022-03-27,1294916.58,Main Interest Liquidation,3270504.03
3614693440,ACCR,2022-12-03,1574095.45,Main Interest Liquidation,790985.27
2027196329,ACCR,2022-02-26,1489785.52,Accrued Interest Liquidation,1247855.48
68320771,ACCR,2022-08-31,1737022.54,Principal Liquidation,440380.04
6821544584,ACCR,2022-10-14,1605952.35,Penal Interest Liquidation,1979477.85
1239682518,ACCR,2022-03-11,3315103.36,Main Interest Liquidation,1188683.12
4298866686,ACCR,2022-01-23,250302.88,Principal Liquidation,2282840.7
3987433936,ACCR,2022-06-21,1505646.56,Main Interest Liquidation,238175.43
9034862855,ACCR,2022-08-30,437282.67,Main Interest Liquidation,2320787.27
9547979679,ACCR,2022-02-05,121078.47,Main Interest Liquidation,2501703.9
9863402392,ACCR,2022-10-25,313578.64,Principal Liquidation,1440987.35
4604811690,ACCR,2022-10-06,525790.09,Main Interest Liquidation,659438.66
5952567934,ACCR,2022-04-03,2374316.63,Principal Liquidation,553386.14
2233783404,ACCR,2022-09-21,1494123.58,Principal Liquidation,3406364.43
6824466962,ACCR,2022-10-12,3373451.22,Principal Liquidation,2454885.56
2657608597,ACCR,2022-06-30,3288540.32,Main Interest Liquidation,3084542.43
1504802636,ACCR,2022-04-10,89725.06,Main Interest Liquidation,175575.5
1423019345,ACCR,2022-12-07,2123767.27,Main Interest Liquidation,3064790.49
2380097189,ACCR,2022-05-08,3199199.57,Principal Liquidation,2971382.4
4851163919,ACCR,2022-02-15,1206571.95,Principal Liquidation,1967745.04
9237132567,ACCR,2022-11-29,2159904.11,Main Interest Liquidation,149435.12
4163077994,ACCR,2022-04-10,2971941.19,Main Interest Liquidation,3014247.87
8642356603,ACCR,2022-05-20,3449270.17,Main Interest Liquidation,2850828.49
5833381720,ACCR,2022-04-15,1933307.15,Main Interest Liquidation,3496604.39
7497156279,ACCR,2022-06-23,330458.27,Main Interest Liquidation,3046911.58
8588254988,ACCR,2022-05-13,2844950.84,Principal Liquidation,2078009.21
8441688453,ACCR,2022-05-12,1345698.34,Main Interest Liquidation,3380450.06
3876867663,ACCR,2022-02-01,2731126.59,Main Interest Liquidation,841905.74
5917025031,ACCR,2022-07-27,3422230.5,Main Interest Liquidation,1282847.85
8721494200,ACCR,2022-10-10,2818631.42,Main Interest Liquidation,2139006.85
2497699056,ACCR,2022-02-09,3131063.52,Principal Liquidation,866515.8
8048880301,ACCR,2022-11-17,370062.54,Principal Liquidation,2269557.08
5924080847,ACCR,2022-01-12,1935304.06,Main Interest Liquidation,1675383.8
1510106804,ACCR,2022-10-29,1210164.91,Principal Liquidation,3256335.61
2743859739,ACCR,2022-08-13,3470546.83,Main Interest Liquidation,2310302.76
7870008165,ACCR,2022-04-09,3290461.9,Principal Liquidation,2425191.57
8944652913,ACCR,2022-09-09,3163771.51,Principal Liquidation,1992083.28
1168755766,ACCR,2022-08-24,1662684.42,Principal Liquidation,3350214.79
3827440568,ACCR,2022-01-30,1200931.7,Main Interest Liquidation,2173995.23
479284128,ACCR,2022-02-27,586094.7,Main Interest Liquidation,2077509.39
4008559559,ACCR,2022-01-05,2751184.21,Main Interest Liquidation,2177988.34
6720039821,ACCR,2022-08-12,1090616.65,Penal Interest Liquidation,2994626.1
7920419196,ACCR,2022-03-10,3454475.21,Principal Liquidation,731169.82
6500943807,ACCR,2022-10-01,1831081.31,Principal Liquidation,590303.51
6456121582,ACCR,2022-02-14,2834834.44,Principal Liquidation,3087552.61
2454602718,ACCR,2022-10-04,1358741.36,Main Interest Liquidation,566636.39
828391200,ACCR,2022-06-24,294729.49,Principal Liquidation,3466109.38
2216899212,ACCR,2022-11-20,2880882.23,Principal Liquidation,389707.46
9343334217,ACCR,2022-10-16,1511783.25,Main Interest Liquidation,3025820.59
7191829650,ACCR,2022-10-13,1260972.68,Main Interest Liquidation,3365483.91
243040203,ACCR,2022-11-21,2664945.45,Penal Interest Liquidation,1677127.1
3948499833,ACCR,2022-09-20,446592.82,Principal Liquidation,2397725.68
829245084,ACCR,2022-03-26,1546639.57,Principal Liquidation,2313119.11
2558748495,ACCR,2022-11-04,2433258.27,Main Interest Liquidation,1496664.28
8123852127,ACCR,2022-09-16,2544909.55,Main Interest Liquidation,2785078.32
2820574225,ACCR,2022-06-30,273804.53,Principal Liquidation,539743.25
9087673292,ACCR,2022-02-16,2354443.7,Principal Liquidation,1846500.82
2179541717,ACCR,2022-05-19,290840.47,Main Interest Liquidation,2264969.73
99834387,ACCR,2022-10-24,2301918.62,Penal Interest Liquidation,3369117.91
2383901741,ACCR,2022-08-02,703270.11,Main Interest Liquidation,424760.57
6251324824,ACCR,2022-08-08,2941250.92,Principal Liquidation,3197667.81
8096347324,ACCR,2022-11-22,2617365.26,Main Interest Liquidation,1931779.52
6034568781,ACCR,2022-06-01,1878191.12,Principal Liquidation,609987.66
9154295876,ACCR,2022-04-10,748534.96,Main Interest Liquidation,509679.59
4075747154,ACCR,2022-01-19,1118487.42,Main Interest Liquidation,3478869.62
2209206385,ACCR,2022-10-23,377230.05,Main Interest Liquidation,1144162.72
225032416,ACCR,2022-06-01,1310265.65,Principal Liquidation,2690408.75
2791486606,ACCR,2022-05-01,375133.43,Main Interest Liquidation,302825.26
5576493086,ACCR,2022-03-03,1374998.42,Principal Liquidation,3126815.04
3204054209,ACCR,2022-03-07,1324572.45,Main Interest Liquidation,3429520.13
1127992303,ACCR,2022-12-28,379778.67,Main Interest Liquidation,932354.45
5434858325,ACCR,2022-08-06,3372274.45,Main Interest Liquidation,2737295.93
6168361736,ACCR,2022-04-15,2005860.72,Penal Interest Liquidation,795970.38
1723847910,ACCR,2022-01-16,3152155.06,Penal Interest Liquidation,851663.84
7929322677,ACCR,2022-11-28,691921.94,Main Interest Liquidation,1824590.83
5803015476,ACCR,2022-07-08,2864536.38,Main Interest Liquidation,161950.99
1247751821,ACCR,2022-03-04,3255494.97,Main Interest Liquidation,275201.19
6906495617,ACCR,2022-03-12,2926016.58,Accrued Interest Liquidation,1599940.75
2369942406,ACCR,2022-05-24,2117777.19,Principal Liquidation,2211038.1
2959692179,ACCR,2022-03-03,3402001.25,Penal Interest Liquidation,1302221.42
9894631800,ACCR,2022-11-09,1595434.82,Main Interest Liquidation,279273.25
3933662805,ACCR,2022-09-03,486594.42,Principal Liquidation,128049.08
2122720880,ACCR,2022-12-11,1486039.55,Accrued Interest Liquidation,2283490.14
4715314073,ACCR,2022-12-17,940166.41,Principal Liquidation,3013616.48
5767696058,ACCR,2022-06-19,35292.15,Main Interest Liquidation,680429
3197039838,ACCR,2022-09-20,2169352.67,Main Interest Liquidation,1433847.66
1833005190,ACCR,2022-02-14,571501.87,Principal Liquidation,1308732.22
4784217801,ACCR,2022-07-29,746003.18,Main Interest Liquidation,2201827.59
6915822474,ACCR,2022-01-22,3262115.12,Main Interest Liquidation,729587.17
2433999716,ACCR,2022-06-30,2283697.28,Principal Liquidation,105174.39
3314308280,ACCR,2022-03-16,1644175.92,Main Interest Liquidation,1070264.5
7151010205,ACCR,2022-12-22,2465377.73,Main Interest Liquidation,629576
7583490140,ACCR,2022-07-18,2504260.39,Main Interest Liquidation,2508846.96
582700547,ACCR,2022-03-27,1930928.29,Principal Liquidation,336506.79
5803581792,ACCR,2022-10-28,2012689.89,Penal Interest Liquidation,1260829.1
8663604017,ACCR,2022-01-21,2972160.64,Main Interest Liquidation,926973.99
2929286875,ACCR,2022-03-03,377426.88,Main Interest Liquidation,1826817.04
7812931947,ACCR,2022-01-30,820386.95,Main Interest Liquidation,796951.76
3106696797,ACCR,2022-01-18,2135081.64,Main Interest Liquidation,1865366.48
4810193998,ACCR,2022-04-16,2240132.79,Accrued Interest Liquidation,1689483.28
7318199023,ACCR,2022-12-25,2760050.48,Principal Liquidation,3026027.05
2436226164,ACCR,2022-09-19,1577907.84,Principal Liquidation,817061.37
983837183,ACCR,2022-12-29,1297780.64,Principal Liquidation,880355
4563031310,ACCR,2022-03-16,1848101.47,Main Interest Liquidation,1664022.71
3330809214,ACCR,2022-06-26,2348130.22,Main Interest Liquidation,298744.51
2133273544,ACCR,2022-04-03,791481.93,Main Interest Liquidation,440172.45
7051812082,ACCR,2022-06-29,1116148.52,Main Interest Liquidation,858015.13
9106308951,ACCR,2022-02-26,1818928.35,Accrued Interest Liquidation,3311839.18
6986529933,ACCR,2022-05-31,2000289.63,Main Interest Liquidation,2761850.69
3383705562,ACCR,2022-10-16,1936171.04,Main Interest Liquidation,3374687.6
876590009,ACCR,2022-04-15,282085.89,Main Interest Liquidation,2231209.47
1187469308,ACCR,2022-09-02,2331136.56,Principal Liquidation,2205693.61
6114379793,ACCR,2022-01-15,360891.86,Main Interest Liquidation,115517.18
7292813868,ACCR,2022-01-13,424497.48,Principal Liquidation,1136273.93
4739032179,ACCR,2022-05-30,658003.5,Main Interest Liquidation,2360719.84
5602819521,ACCR,2022-07-05,2699350.43,Principal Liquidation,865399.26
8224329737,ACCR,2022-05-12,2663721.03,Main Interest Liquidation,2839348.29
8410778494,ACCR,2022-07-01,2274057.2,Accrued Interest Liquidation,316204.48
2913404104,ACCR,2022-12-16,124553.13,Main Interest Liquidation,1093274.12
8830754624,ACCR,2022-08-02,1082740.15,Penal Interest Liquidation,2744560.02
5958065915,ACCR,2022-05-16,2790203.72,Principal Liquidation,1105259.38
8362921952,ACCR,2022-10-26,414739.39,Penal Interest Liquidation,2404421.19
5765388639,ACCR,2022-08-05,3318191.3,Main Interest Liquidation,1628326.75
4561961430,ACCR,2022-03-22,2629119.69,Principal Liquidation,3015513.09
5699825259,ACCR,2022-09-24,1645908.67,Principal Liquidation,932515.43
2998274153,ACCR,2022-01-26,2570824.94,Principal Liquidation,870550.36
4059616482,ACCR,2022-05-15,1629155.98,Main Interest Liquidation,2088178.9
160628276,ACCR,2022-09-07,848368.86,Penal Interest Liquidation,3291988.3
7695240457,ACCR,2022-10-07,993020.33,Main Interest Liquidation,1402387.9
7145200709,ACCR,2022-02-20,3064947.64,Main Interest Liquidation,2745139.3
661318377,ACCR,2022-06-26,775871.06,Penal Interest Liquidation,931467.72
2130628902,ACCR,2022-11-03,69402.7,Principal Liquidation,1015940.4
8798773406,ACCR,2022-01-15,1353732.22,Principal Liquidation,3426094.23
6438416239,ACCR,2022-09-02,931765.15,Main Interest Liquidation,269075.95
9797238131,ACCR,2022-09-24,2256201.59,Main Interest Liquidation,3145023.84
5498623627,ACCR,2022-07-13,816528.13,Main Interest Liquidation,1966217.86
3505569948,ACCR,2022-06-01,1752993.97,Principal Liquidation,65175.06
8690133901,ACCR,2022-07-16,2101412.97,Main Interest Liquidation,667728.59
7256973273,ACCR,2022-08-13,3238013.75,Main Interest Liquidation,2971515.22
7807548000,ACCR,2022-05-25,2653783.49,Principal Liquidation,155584
6012149266,ACCR,2022-01-06,2107570.63,Principal Liquidation,2360694.49
6539902061,ACCR,2022-06-04,1419084.46,Principal Liquidation,3119044.09
5096883732,ACCR,2022-12-27,1108604.31,Principal Liquidation,1356423.33
4543908357,ACCR,2022-02-25,1451866.59,Principal Liquidation,1986939.65
8913385870,ACCR,2022-02-13,3107197.7,Main Interest Liquidation,2843223.53
8420641447,ACCR,2022-05-12,1666911.58,Main Interest Liquidation,1953783.86
2700947682,ACCR,2022-01-19,1515928.3,Principal Liquidation,346081.14
8149860732,ACCR,2022-10-18,905906.62,Penal Interest Liquidation,1225677.47
8973333175,ACCR,2022-11-10,2607023.14,Main Interest Liquidation,335631.12
9340759844,ACCR,2022-01-03,2781259,Principal Liquidation,2271668.64
2317102213,ACCR,2022-08-23,1051294.17,Main Interest Liquidation,194763.68
8783167999,ACCR,2022-06-04,1641535.69,Main Interest Liquidation,1691350.39
3590450779,ACCR,2022-11-13,1082241.57,Principal Liquidation,2691715.31
3074979285,ACCR,2022-05-24,2232888.74,Main Interest Liquidation,867201.11
6175282455,ACCR,2022-11-28,1831727.38,Main Interest Liquidation,789200.27
5394116793,ACCR,2022-03-19,138073.87,Principal Liquidation,327645.25
8885634887,ACCR,2022-06-24,237154.8,Principal Liquidation,3016022.99
4942715268,ACCR,2022-11-28,1515374.36,Principal Liquidation,2945230.3
790104589,ACCR,2022-07-28,3254172.74,Principal Liquidation,2359970.75
5913016000,ACCR,2022-06-07,370545.36,Principal Liquidation,809311.88
5343407937,ACCR,2022-03-21,582584.89,Principal Liquidation,1556354.25
5007960539,ACCR,2022-02-16,2977672.25,Penal Interest Liquidation,40323.02
9988417898,ACCR,2022-06-26,1516271.31,Principal Liquidation,2488453.76
3676137022,ACCR,2022-10-23,1113458.33,Main Interest Liquidation,1454863.39
8942561673,ACCR,2022-01-21,1590973.04,Main Interest Liquidation,564667.77
620640765,ACCR,2022-12-16,1149334.37,Main Interest Liquidation,598084.53
1198018588,ACCR,2022-01-15,1005317.97,Principal Liquidation,2912101.52
3934560867,ACCR,2022-05-11,934243.27,Principal Liquidation,318822.21
8564471222,ACCR,2022-07-30,2897269.47,Main Interest Liquidation,308669.28
4480316294,ACCR,2022-06-05,1989594.51,Principal Liquidation,2707287.42
7200219681,ACCR,2022-04-26,1270243.46,Main Interest Liquidation,2445913.25
9297033109,ACCR,2022-02-22,967848.32,Main Interest Liquidation,1016774.49
889450684,ACCR,2022-07-28,1856018.89,Principal Liquidation,2155463.35
3271507043,ACCR,2022-04-25,1416666.23,Main Interest Liquidation,1314498.15
6019687502,ACCR,2022-05-02,2587828.67,Principal Liquidation,721869.2
3794673727,ACCR,2022-10-14,2196555.88,Main Interest Liquidation,1015691
602297967,ACCR,2022-03-20,1566066.85,Main Interest Liquidation,1211741.33
3284400476,ACCR,2022-06-23,1886961.94,Main Interest Liquidation,1021712.2
1759248939,ACCR,2022-12-14,1457983.07,Principal Liquidation,551378.34
1760711057,ACCR,2022-07-18,1729537.83,Accrued Interest Liquidation,1078233.82
6809305695,ACCR,2022-07-05,1283197.98,Penal Interest Liquidation,1500020.75
2654365798,ACCR,2022-02-06,2872272.44,Principal Liquidation,913193.41
4941519583,ACCR,2022-05-23,1419607.46,Principal Liquidation,2962820.56
8735170082,ACCR,2022-08-16,1503693.43,Main Interest Liquidation,1827934.73
4574003986,ACCR,2022-10-07,1893016.15,Main Interest Liquidation,184071.04
9062115256,ACCR,2022-01-20,1390693.6,Main Interest Liquidation,369929.01
4638133494,ACCR,2022-05-22,857013.57,Main Interest Liquidation,1303175.16
6054895068,ACCR,2022-03-16,1014253.24,Principal Liquidation,2589172.66
5532627324,ACCR,2022-12-12,3080054.95,Principal Liquidation,2587694.65
635394955,ACCR,2022-08-23,1368162.14,Main Interest Liquidation,2358588.17
7021802369,ACCR,2022-12-20,3026423.09,Main Interest Liquidation,2022798.38
8794561081,ACCR,2022-10-04,2677028.22,Main Interest Liquidation,714127.28
6529428765,ACCR,2022-06-21,1661306.05,Principal Liquidation,535916.02
1685672139,ACCR,2022-03-24,2890747.06,Principal Liquidation,1989460.66
4569735358,ACCR,2022-03-07,770979.74,Principal Liquidation,2327104.23
5836694840,ACCR,2022-05-31,1056428.49,Principal Liquidation,1458177.71
6607340732,ACCR,2022-05-23,43540.43,Principal Liquidation,1646827.72
3308557325,ACCR,2022-06-05,856759.38,Main Interest Liquidation,255965.29
4358042802,ACCR,2022-09-23,1801664.14,Principal Liquidation,840743.19
8905803805,ACCR,2022-08-10,2543245.3,Accrued Interest Liquidation,3148664.97
5478702942,ACCR,2022-04-15,223219.26,Principal Liquidation,727390.3
9912995027,ACCR,2022-11-01,1668568.57,Accrued Interest Liquidation,826141.3
889268214,ACCR,2022-07-18,3434323.76,Principal Liquidation,141712.12
8293494877,ACCR,2022-07-02,2988155.26,Principal Liquidation,654975.04
9907868318,ACCR,2022-05-31,186428.54,Main Interest Liquidation,371335.24
5851392027,ACCR,2022-05-11,3175230.3,Main Interest Liquidation,775097.29
3339572704,ACCR,2022-06-13,3118562.63,Principal Liquidation,2768070.83
1194224786,ACCR,2022-06-02,1714301.98,Main Interest Liquidation,235896.27
8414111767,ACCR,2022-09-05,2605954.42,Main Interest Liquidation,2757778.26
6594601935,ACCR,2022-05-07,2681677.69,Main Interest Liquidation,644034.46
7475568410,ACCR,2022-06-29,582390.37,Principal Liquidation,1462938.12
4258429305,ACCR,2022-02-15,2505043.22,Main Interest Liquidation,2054231.73
2689785821,ACCR,2022-06-17,2299676.48,Main Interest Liquidation,333477.77
6855851946,ACCR,2022-04-29,1646126.73,Main Interest Liquidation,371994.87
2360734247,ACCR,2022-04-01,1699304.67,Penal Interest Liquidation,2857383.86
706966569,ACCR,2022-07-24,398942.76,Principal Liquidation,2700239.25
2569130304,ACCR,2022-08-08,775672.57,Main Interest Liquidation,2964363.76
4395316640,ACCR,2022-09-07,3049700.23,Main Interest Liquidation,1669432.71
3537898697,ACCR,2022-04-15,35355.67,Main Interest Liquidation,866050.8
4307917310,ACCR,2022-06-07,1777254.38,Accrued Interest Liquidation,1112963.4
1710089634,ACCR,2022-01-08,402089.06,Principal Liquidation,1080993.27
6226758944,ACCR,2022-05-31,2338564.26,Main Interest Liquidation,3100549.51
3912688397,ACCR,2022-07-30,1510938.89,Accrued Interest Liquidation,3307347.18
7614008045,ACCR,2022-07-26,1240953.37,Principal Liquidation,796392.73
6794482534,ACCR,2022-11-09,3497728.68,Principal Liquidation,791520.9
7413597928,ACCR,2022-04-10,3074524.69,Main Interest Liquidation,42793.43
8797703860,ACCR,2022-10-22,1651855.8,Main Interest Liquidation,2047508.81
6197689750,ACCR,2022-05-28,2308261.93,Main Interest Liquidation,2620358.43
1404245944,ACCR,2022-06-17,380830.3,Principal Liquidation,2607706.53
9478131729,ACCR,2022-10-31,1429266.22,Main Interest Liquidation,796832.17
337205558,ACCR,2022-05-26,3221207.94,Principal Liquidation,1583717.72
8299114038,ACCR,2022-11-28,2042700.3,Principal Liquidation,2590224.92
1086662785,ACCR,2022-09-10,264418.13,Principal Liquidation,1626095.02
3379461778,ACCR,2022-06-02,727076.35,Main Interest Liquidation,1220379.86
7821792513,ACCR,2022-01-27,2869863.07,Principal Liquidation,2609640.67
8075712102,ACCR,2022-08-08,2666593.24,Principal Liquidation,1828075.9
5027731669,ACCR,2022-02-24,756888.27,Main Interest Liquidation,283957.1
8166042418,ACCR,2022-04-12,1068525.23,Accrued Interest Liquidation,605346.05
8011748473,ACCR,2022-12-19,264908.68,Main Interest Liquidation,1866118.62
3741560622,ACCR,2022-07-06,234607.37,Main Interest Liquidation,1340632.85
3368981737,ACCR,2022-04-01,3446376.1,Main Interest Liquidation,1123242.98
3448972780,ACCR,2022-01-21,2281446.9,Principal Liquidation,2970594.43
3750357983,ACCR,2022-09-11,3477253.1,Principal Liquidation,2673284.4
5773468164,ACCR,2022-10-26,514412.19,Main Interest Liquidation,2530582.7
1471534182,ACCR,2022-05-24,3220274.2,Main Interest Liquidation,1917411.92
1487390207,ACCR,2022-08-25,1625213.12,Principal Liquidation,464683.99
4290919664,ACCR,2022-02-24,2335030.74,Principal Liquidation,3073915.58
3512335701,ACCR,2022-01-01,1008437.88,Main Interest Liquidation,323649.23
3915162352,ACCR,2022-05-25,3182200.68,Main Interest Liquidation,3309542.34
2137784225,ACCR,2022-05-08,713610.47,Principal Liquidation,1951790.08
3826687156,ACCR,2022-08-27,1033281.76,Main Interest Liquidation,3170553.93
8706374790,ACCR,2022-09-26,2724341.77,Main Interest Liquidation,2240238.57
8579910028,ACCR,2022-08-08,1697443.6,Principal Liquidation,2767162.96
369196899,ACCR,2022-03-29,142112.5,Penal Interest Liquidation,2872525.59
7643285398,ACCR,2022-04-24,581829.63,Principal Liquidation,535122.33
750891839,ACCR,2022-06-18,933124.21,Principal Liquidation,1137882.8
8184008295,ACCR,2022-06-24,1998955.32,Main Interest Liquidation,2155246.76
2789950386,ACCR,2022-02-22,436326.19,Main Interest Liquidation,3219701.96
2749007552,ACCR,2022-09-24,2263966.45,Main Interest Liquidation,700580.76
5389626713,ACCR,2022-11-04,836191.27,Main Interest Liquidation,3456839.85
3024130164,ACCR,2022-08-21,580332.8,Principal Liquidation,325680.55
2257604252,ACCR,2022-12-05,232554.84,Principal Liquidation,184392.7
5449935397,ACCR,2022-05-18,3384153.91,Principal Liquidation,507779.43
2970780419,ACCR,2022-03-12,3111923.25,Principal Liquidation,2867705.09
4612764049,ACCR,2022-10-27,2955942.36,Main Interest Liquidation,3467057.4
7666748685,ACCR,2022-09-02,910848.92,Main Interest Liquidation,3341813.16
5356950530,ACCR,2022-05-20,3341612.1,Main Interest Liquidation,954169.58
3334676625,ACCR,2022-05-03,529210.41,Main Interest Liquidation,2250656.79
6171734133,ACCR,2022-05-01,1317226.68,Main Interest Liquidation,2967616.6
2844343875,ACCR,2022-01-05,2894753.34,Main Interest Liquidation,1392090.38
5238708824,ACCR,2022-05-02,1771170.02,Main Interest Liquidation,2413881.57
464416806,ACCR,2022-07-20,1160482.59,Principal Liquidation,1220164.46
45787347,ACCR,2022-11-16,380932.12,Principal Liquidation,2308257.1
2704256559,ACCR,2022-07-22,683587.78,Principal Liquidation,1856249.47
6291787505,ACCR,2022-06-30,281019.82,Accrued Interest Liquidation,2316975.52
1707454268,ACCR,2022-07-11,2201616.14,Main Interest Liquidation,192393.03
6658125592,ACCR,2022-03-22,2350593.29,Main Interest Liquidation,2914426.85
4510237179,ACCR,2022-06-12,929603.11,Accrued Interest Liquidation,843792.28
945686138,ACCR,2022-12-16,136405.94,Main Interest Liquidation,3330128.31
856728931,ACCR,2022-08-06,296955.11,Main Interest Liquidation,2437486.57
9773925142,ACCR,2022-09-14,1146664.09,Principal Liquidation,2826707.67
7147941173,ACCR,2022-04-16,2432013.76,Accrued Interest Liquidation,3485860.66
2841732569,ACCR,2022-04-08,1609121.71,Main Interest Liquidation,2860018.4
3900253415,ACCR,2022-07-08,3424457.46,Principal Liquidation,2231276.32
1859075190,ACCR,2022-08-28,1707131.82,Principal Liquidation,1306289.66
2916233425,ACCR,2022-10-18,1116834.36,Main Interest Liquidation,2504844.48
5651176927,ACCR,2022-06-24,2408729.87,Main Interest Liquidation,396004.61
7115688375,ACCR,2022-06-19,1937112.66,Main Interest Liquidation,3016598.49
1204838421,ACCR,2022-06-04,106545.18,Principal Liquidation,709860.65
4797435634,ACCR,2022-11-04,2185895.23,Principal Liquidation,1179966.47
9572381432,ACCR,2022-09-14,2129748.55,Main Interest Liquidation,2179611.89
5415311804,ACCR,2022-04-09,220165.7,Penal Interest Liquidation,276036.14
1462381380,ACCR,2022-02-16,510709.88,Principal Liquidation,1747765.59
7046081744,ACCR,2022-03-25,1119402.68,Principal Liquidation,3222836.41
2430490842,ACCR,2022-05-24,3226365.73,Penal Interest Liquidation,518725.94
8060497399,ACCR,2022-03-13,1831908.56,Principal Liquidation,2613566.14
3788856002,ACCR,2022-04-15,909309.28,Main Interest Liquidation,839687.78
7811088823,ACCR,2022-01-29,299058.9,Main Interest Liquidation,1216551.18
66602839,ACCR,2022-06-26,1869008.75,Principal Liquidation,1462277.93
5165402637,ACCR,2022-08-28,1645089.69,Principal Liquidation,3180053.81
6385548037,ACCR,2022-04-23,892361.16,Main Interest Liquidation,2205456.31
5321282854,ACCR,2022-04-20,2734669.91,Main Interest Liquidation,300921.77
7200959902,ACCR,2022-09-18,2049896.4,Main Interest Liquidation,1618228.35
4389073412,ACCR,2022-05-17,1737786.49,Main Interest Liquidation,1347114.74
9077125235,ACCR,2022-08-31,1246295.24,Main Interest Liquidation,2270627.75
4245317513,ACCR,2022-08-10,1272633.69,Main Interest Liquidation,292523.82
1843243281,ACCR,2022-05-24,3264341.3,Main Interest Liquidation,89905.16
5771152523,ACCR,2022-11-06,2390987.96,Main Interest Liquidation,630014.07
8986245548,ACCR,2022-04-22,1528306.18,Principal Liquidation,2230973.77
9415697409,ACCR,2022-11-25,3288417.95,Principal Liquidation,62140.74
8983022311,ACCR,2022-11-12,3117518.8,Penal Interest Liquidation,2161319.32
5386450731,ACCR,2022-07-13,629443.95,Principal Liquidation,807561.08
4850507874,ACCR,2022-01-14,1242348.01,Main Interest Liquidation,2139850.93
5181273829,ACCR,2022-07-27,3355141.88,Principal Liquidation,1753875.97
4043900371,ACCR,2022-05-16,1664963.42,Main Interest Liquidation,3062139.07
7102934308,ACCR,2022-04-15,3140533.68,Principal Liquidation,3203519.01
3013153586,ACCR,2022-11-06,3188983.5,Main Interest Liquidation,2258516.1
2314233612,ACCR,2022-05-21,1018775.54,Principal Liquidation,2112870.1
4116220599,ACCR,2022-09-12,1844925.53,Main Interest Liquidation,2562846.38
8954249754,ACCR,2022-11-25,2826715.16,Main Interest Liquidation,94695.14
3913466235,ACCR,2022-01-02,1947105.76,Main Interest Liquidation,3201869.29
4881869965,ACCR,2022-12-10,3214149.33,Principal Liquidation,845666.91
9923514044,ACCR,2022-10-06,3008279.53,Main Interest Liquidation,1034597.89
7448178933,ACCR,2022-01-23,2073260.92,Main Interest Liquidation,2287334
7968536023,ACCR,2022-11-26,1599173.66,Main Interest Liquidation,685455.74
9103100434,ACCR,2022-03-17,3250440.81,Main Interest Liquidation,3426327.19
4176343275,ACCR,2022-07-22,345778,Main Interest Liquidation,231954.94
9762656305,ACCR,2022-10-03,1778908.78,Main Interest Liquidation,2210928.22
372108598,ACCR,2022-08-08,3268175.71,Accrued Interest Liquidation,709466.46
755584033,ACCR,2022-12-25,265477.98,Main Interest Liquidation,2252412.25
3999112076,ACCR,2022-08-26,1554094.91,Main Interest Liquidation,1120582.17
8606313453,ACCR,2022-04-19,3361866.12,Principal Liquidation,2905310.75
7947032463,ACCR,2022-01-18,3222380.21,Principal Liquidation,727942.12
2655301222,ACCR,2022-08-13,2958312.02,Accrued Interest Liquidation,1156373.95
1366955356,ACCR,2022-02-04,1204911.43,Main Interest Liquidation,3159532.58
1172451714,ACCR,2022-10-09,1769041.32,Principal Liquidation,1104924.64
4650951692,ACCR,2022-01-13,350051.13,Principal Liquidation,3226953.78
9357464422,ACCR,2022-12-07,1499537.7,Main Interest Liquidation,735318.31
4909724956,ACCR,2022-06-22,2600194.09,Main Interest Liquidation,1700177.49
2752391119,ACCR,2022-09-25,992234.81,Main Interest Liquidation,2705222.56
1278319135,ACCR,2022-11-02,410872.31,Principal Liquidation,968881.62
5297652108,ACCR,2022-04-24,3031005.85,Principal Liquidation,1876970.34
701922594,ACCR,2022-07-24,1005777.68,Main Interest Liquidation,203548.12
6582953419,ACCR,2022-06-20,1179152.69,Main Interest Liquidation,3165528.04
1403435412,ACCR,2022-11-01,2053548.78,Main Interest Liquidation,1361019.02
452687660,ACCR,2022-03-18,3223818.14,Principal Liquidation,1039562.88
4045674371,ACCR,2022-08-28,996711.63,Main Interest Liquidation,2728080.1
2912580985,ACCR,2022-12-08,3361280.7,Principal Liquidation,859716.89
9167337169,ACCR,2022-09-16,2313485.84,Principal Liquidation,987616.08
2069250052,ACCR,2022-07-21,214403.2,Principal Liquidation,2986705.07
8174131785,ACCR,2022-12-27,2405900.41,Accrued Interest Liquidation,114182.24
6997084976,ACCR,2022-10-14,79242.37,Main Interest Liquidation,1437895.45
8972485654,ACCR,2022-10-02,2460269.45,Principal Liquidation,348762.53
8341181139,ACCR,2022-11-23,459365.8,Main Interest Liquidation,2201801.11
5635695026,ACCR,2022-07-15,3177513.57,Main Interest Liquidation,1233046.32
486442764,ACCR,2022-01-11,1737474.33,Main Interest Liquidation,2430968.51
1838901501,ACCR,2022-02-12,703220.43,Main Interest Liquidation,1606553.15
4785488081,ACCR,2022-10-31,1667361.14,Main Interest Liquidation,1085012.44
4789913250,ACCR,2022-09-08,2317637.14,Penal Interest Liquidation,295532.18
8885879644,ACCR,2022-06-23,465117.05,Main Interest Liquidation,1873859.15
5577809217,ACCR,2022-02-13,459759.6,Accrued Interest Liquidation,679126.08
9475977654,ACCR,2022-04-01,668344.88,Principal Liquidation,745412.86
9085282892,ACCR,2022-12-30,1095148.21,Penal Interest Liquidation,2262275.61
5231077972,ACCR,2022-10-13,3464202.18,Main Interest Liquidation,2841561.83
3185282788,ACCR,2022-07-09,1887794.05,Main Interest Liquidation,517535.02
2439160791,ACCR,2022-12-17,2156743.92,Principal Liquidation,247887.52
2782303321,ACCR,2022-09-19,1514904.48,Main Interest Liquidation,2962070.15
6568755070,ACCR,2022-04-25,84205.1,Main Interest Liquidation,3201686.41
7466048334,ACCR,2022-04-17,2257383.47,Principal Liquidation,941371.45
3834981370,ACCR,2022-01-11,2786237.33,Main Interest Liquidation,2688299.42
6676762376,ACCR,2022-04-01,1655701.71,Main Interest Liquidation,1628048.23
755368541,ACCR,2022-01-18,1231453.69,Main Interest Liquidation,3401166.02
1461353932,ACCR,2022-11-01,789734.55,Main Interest Liquidation,2418667.02
5635691279,ACCR,2022-01-08,204405.89,Principal Liquidation,2348646.31
841600840,ACCR,2022-05-23,2116785.47,Main Interest Liquidation,759364.86
9309054231,ACCR,2022-03-11,314113.57,Accrued Interest Liquidation,3337750.47
5028732526,ACCR,2022-12-26,2026110.28,Principal Liquidation,2605795.93
2222546978,ACCR,2022-04-21,3431168.09,Main Interest Liquidation,2342282.29
9282770099,ACCR,2022-03-29,2108202.36,Penal Interest Liquidation,1880349.06
253177668,ACCR,2022-10-19,3203313.89,Principal Liquidation,2979334.48
5127534254,ACCR,2022-04-16,1017682.72,Principal Liquidation,625732.25
1202136727,ACCR,2022-07-04,208016.75,Principal Liquidation,46413.74
600979605,ACCR,2022-04-28,2223546.74,Penal Interest Liquidation,621501.69
9693825721,ACCR,2022-05-09,864950.61,Penal Interest Liquidation,1564473.67
685057628,ACCR,2022-02-27,1507089.44,Principal Liquidation,2415636.34
9575341689,ACCR,2022-01-08,1792261.6,Principal Liquidation,1170432.04
7249777362,ACCR,2022-05-31,815066.25,Main Interest Liquidation,1410778.61
715816735,ACCR,2022-10-24,1348167,Principal Liquidation,865907
729662737,ACCR,2022-06-18,1059767.02,Main Interest Liquidation,1954300.32
6736543152,ACCR,2022-07-14,645269.27,Principal Liquidation,53643.81
8680185666,ACCR,2022-06-03,2195939.63,Main Interest Liquidation,2241075.76
4640531809,ACCR,2022-09-16,146638.24,Main Interest Liquidation,1536650.26
6193190235,ACCR,2022-02-08,2578304.06,Principal Liquidation,1500392.73
6592876218,ACCR,2022-06-16,1147767.2,Main Interest Liquidation,366707.91
187532866,ACCR,2022-12-06,780640.06,Principal Liquidation,851727.93
8902250289,ACCR,2022-10-15,3086865.39,Principal Liquidation,2473149.58
3138076580,ACCR,2022-03-04,1771348.18,Principal Liquidation,3014906.23
49783186,ACCR,2022-02-28,501412.02,Main Interest Liquidation,2974180.61
5943271352,ACCR,2022-07-04,1704711.25,Accrued Interest Liquidation,836738.53
4687927848,ACCR,2022-04-02,2991746.73,Main Interest Liquidation,2306346.55
8618790738,ACCR,2022-12-26,1055044.85,Main Interest Liquidation,2674419.39
4349948598,ACCR,2022-11-23,1533357.69,Main Interest Liquidation,2816593.12
53844167,ACCR,2022-12-24,1129847.69,Principal Liquidation,1344001.38
9490625545,ACCR,2022-09-22,1051200.42,Principal Liquidation,197270.1
3792000619,ACCR,2022-03-25,953743.06,Penal Interest Liquidation,2197596.49
6309825866,ACCR,2022-01-18,1059693.58,Main Interest Liquidation,1506065.9
8533858240,ACCR,2022-10-03,975750.87,Principal Liquidation,2500169.9
58275423,ACCR,2022-12-15,2054963.58,Principal Liquidation,2570657.88
5863386078,ACCR,2022-05-23,1051651.88,Principal Liquidation,232537.29
6662738497,ACCR,2022-11-11,74814.97,Principal Liquidation,2449997.94
473207215,ACCR,2022-05-26,1432616.02,Accrued Interest Liquidation,2641735.34
7164429699,ACCR,2022-08-21,1791428.78,Accrued Interest Liquidation,2953578.31
7906921432,ACCR,2022-07-01,1688874.63,Main Interest Liquidation,1406773.82
7265033972,ACCR,2022-09-03,1824075.58,Penal Interest Liquidation,351630.12
1443369896,ACCR,2022-10-03,757392.1,Penal Interest Liquidation,742106.65
4558132123,ACCR,2022-09-12,2712684.85,Principal Liquidation,1392981.34
6977058947,ACCR,2022-07-15,3316673.72,Main Interest Liquidation,1666598.18
9237498198,ACCR,2022-09-28,2807163.27,Main Interest Liquidation,846271.06
3806486730,ACCR,2022-09-12,2313202.12,Main Interest Liquidation,3245573.37
742328476,ACCR,2022-07-23,969186.17,Main Interest Liquidation,155231.5
1559358498,ACCR,2022-06-14,3209116.84,Principal Liquidation,623735.12
8996258439,ACCR,2022-01-09,2377625.94,Principal Liquidation,2596236.83
6709798565,ACCR,2022-03-17,3467515.13,Principal Liquidation,1040263.05
2068159622,ACCR,2022-09-10,295564.76,Main Interest Liquidation,2666935.24
9125085807,ACCR,2022-03-31,338586.94,Main Interest Liquidation,559688.49
4271723470,ACCR,2022-08-15,1830266.75,Principal Liquidation,1157003.94
8995867431,ACCR,2022-08-03,2966140.3,Principal Liquidation,820790.02
3405990789,ACCR,2022-05-21,48490.33,Penal Interest Liquidation,626074.5
7363762513,ACCR,2022-09-08,2116654.12,Accrued Interest Liquidation,146679.4
3290049507,ACCR,2022-10-23,255070.15,Main Interest Liquidation,1035488.67
3091128911,ACCR,2022-01-14,2135526.64,Main Interest Liquidation,1520058.43
3118621553,ACCR,2022-05-07,2628466.37,Principal Liquidation,102899.13
5239189580,ACCR,2022-05-09,2963984.95,Principal Liquidation,2250784.82
7156552138,ACCR,2022-12-24,3095220.19,Main Interest Liquidation,3154538.72
9253958189,ACCR,2022-12-14,3168893.71,Main Interest Liquidation,3476052.03
5819622137,ACCR,2022-08-16,2522334.78,Accrued Interest Liquidation,1307013.44
3265579148,ACCR,2022-07-24,2972122.91,Main Interest Liquidation,193005.61
3841955719,ACCR,2022-01-05,123218.31,Main Interest Liquidation,1798276.86
1067940216,ACCR,2022-01-08,2396588.17,Main Interest Liquidation,1512307.49
2829851105,ACCR,2022-09-27,2212797.56,Main Interest Liquidation,1573900.23
4361546990,ACCR,2022-04-11,2691407.43,Main Interest Liquidation,1548913.8
4453216088,ACCR,2022-01-21,1481544.21,Main Interest Liquidation,3405446.95
5405838364,ACCR,2022-01-29,2460861.83,Principal Liquidation,2836947.93
4728654556,ACCR,2022-11-10,3131804.41,Main Interest Liquidation,154126.7
440854207,ACCR,2022-05-16,3210450.46,Main Interest Liquidation,1308884.78
7575320573,ACCR,2022-04-07,779322.7,Main Interest Liquidation,3478156.37
3637043043,ACCR,2022-11-15,2112561.81,Main Interest Liquidation,2034496.38
7302580238,ACCR,2022-03-04,2232217.91,Principal Liquidation,1777530.8
7561499537,ACCR,2022-01-08,1869678.48,Main Interest Liquidation,1220035.98
9053999707,ACCR,2022-07-26,2983236.59,Principal Liquidation,1657038.65
8867819414,ACCR,2022-02-08,2770880.21,Main Interest Liquidation,640796.47
9489446163,ACCR,2022-03-09,50792.88,Main Interest Liquidation,2258752.96
5909523425,ACCR,2022-07-02,281631.77,Principal Liquidation,2842693.28
7347923317,ACCR,2022-10-08,36637.23,Main Interest Liquidation,3478966.23
8419192733,ACCR,2022-12-20,733582.23,Main Interest Liquidation,2278514.28
9370984637,ACCR,2022-05-21,227267.81,Principal Liquidation,1998425.54
2828731732,ACCR,2022-07-06,2178592.48,Penal Interest Liquidation,1811347.28
2447240157,ACCR,2022-06-28,458006.47,Main Interest Liquidation,1438290.78
3504483093,ACCR,2022-02-18,1778605.52,Main Interest Liquidation,3405244.59
7187757910,ACCR,2022-11-25,2801532.42,Main Interest Liquidation,2654753.22
3017877803,ACCR,2022-10-25,2359652.64,Principal Liquidation,450920
7919030014,ACCR,2022-02-22,2589746.73,Main Interest Liquidation,911720.49
8245307937,ACCR,2022-02-21,2732853.22,Principal Liquidation,184180.94
6142932418,ACCR,2022-09-07,2905586.99,Main Interest Liquidation,1735946.69
9893869352,ACCR,2022-11-15,132306.3,Principal Liquidation,2919526.22
1975911390,ACCR,2022-02-24,1419106.13,Main Interest Liquidation,1337241.88
8021681020,ACCR,2022-01-26,2006914.13,Principal Liquidation,2237297.97
6727059065,ACCR,2022-03-14,123384.85,Principal Liquidation,406511.47
902884838,ACCR,2022-11-03,1491685.96,Main Interest Liquidation,3383623.4
3069963796,ACCR,2022-01-30,1736016.2,Main Interest Liquidation,3048987.56
2750395259,ACCR,2022-04-15,3164006.99,Principal Liquidation,530579.67
7139916949,ACCR,2022-09-18,1148643.77,Principal Liquidation,1839783.91
866422129,ACCR,2022-01-25,2656852.36,Main Interest Liquidation,915839.39
2536398962,ACCR,2022-04-19,3006737.58,Principal Liquidation,2278049.4
555172047,ACCR,2022-04-06,1902672.31,Principal Liquidation,1318003.72
2159226918,ACCR,2022-08-05,2490595.41,Main Interest Liquidation,1977037.38
6942995310,ACCR,2022-05-12,2267696.6,Principal Liquidation,3454554.62
7815134733,ACCR,2022-05-30,3054884.39,Main Interest Liquidation,1426060.19
1293286771,ACCR,2022-07-10,2058560.86,Main Interest Liquidation,1024608.92
5022967451,ACCR,2022-11-24,1190684.68,Main Interest Liquidation,2703075.21
1600397967,ACCR,2022-01-05,1590446.25,Principal Liquidation,317012.37
8042746644,ACCR,2022-04-11,1417893.73,Penal Interest Liquidation,297532.52
4137300639,ACCR,2022-07-17,3373638.98,Main Interest Liquidation,1818609.15
6673771469,ACCR,2022-12-22,3365233.66,Penal Interest Liquidation,2955966.99
563438900,ACCR,2022-09-13,1331361.33,Main Interest Liquidation,2391048.27
6690233145,ACCR,2022-10-12,1613100.28,Main Interest Liquidation,551564.34
8422091390,ACCR,2022-07-07,2312791.16,Principal Liquidation,833584.8
4690072064,ACCR,2022-12-06,1162886.12,Main Interest Liquidation,1250045.64
8224795120,ACCR,2022-07-13,2781012.31,Main Interest Liquidation,2246220.31
9180264649,ACCR,2022-04-26,2871856.36,Principal Liquidation,2592477.57
6033626643,ACCR,2022-08-21,1665923.59,Main Interest Liquidation,1572005.14
4275981531,ACCR,2022-09-22,891332.16,Principal Liquidation,3092645.43
9769112165,ACCR,2022-06-05,2233409.78,Main Interest Liquidation,2152333.15
5249450008,ACCR,2022-04-05,2719873.14,Accrued Interest Liquidation,3180094.48
8373259085,ACCR,2022-02-05,1155579.39,Principal Liquidation,559076.71
8244816204,ACCR,2022-06-07,3152769.52,Main Interest Liquidation,1185117.53
9709952459,ACCR,2022-03-14,441919.34,Principal Liquidation,327678.22
7131672787,ACCR,2022-12-25,48504.04,Main Interest Liquidation,433497.48
206009223,ACCR,2022-08-23,76148.73,Principal Liquidation,200487.42
2124971366,ACCR,2022-11-09,2098249.28,Main Interest Liquidation,3150150.67
9315200988,ACCR,2022-01-24,2600276.17,Penal Interest Liquidation,731221.81
505144776,ACCR,2022-08-28,1116792.45,Principal Liquidation,3143509.51
9159267629,ACCR,2022-01-08,801305.96,Main Interest Liquidation,2284386.4
5600959652,ACCR,2022-09-17,2641402.89,Main Interest Liquidation,2205713.17
5898113746,ACCR,2022-08-19,393835.23,Main Interest Liquidation,1594690.14
7914694907,ACCR,2022-04-20,1179442.99,Main Interest Liquidation,2597819.56
7004133446,ACCR,2022-10-29,2726512.57,Penal Interest Liquidation,158584
7459099386,ACCR,2022-03-29,1901204.23,Accrued Interest Liquidation,688363.49
2920118801,ACCR,2022-12-06,446503.84,Principal Liquidation,1584995.27
3106980475,ACCR,2022-08-12,1720392.9,Principal Liquidation,241260.49
1234523555,ACCR,2022-12-22,1396844.17,Accrued Interest Liquidation,1521224.85
1276685425,ACCR,2022-09-23,2145497.54,Principal Liquidation,2052755.97
5826939814,ACCR,2022-04-18,304599.42,Principal Liquidation,2438382.92
4605074253,ACCR,2022-05-03,3491022.08,Principal Liquidation,182890.25
6733216940,ACCR,2022-02-01,1183645.14,Principal Liquidation,3371078.29
2156042425,ACCR,2022-10-04,1326144.88,Main Interest Liquidation,288580.64
4603941920,ACCR,2022-11-08,2749966.93,Main Interest Liquidation,1505362.55
3189183351,ACCR,2022-06-21,1595565.46,Principal Liquidation,1626392.02
697220345,ACCR,2022-10-26,536314.82,Main Interest Liquidation,2772896.19
5377619142,ACCR,2022-02-14,847903.74,Main Interest Liquidation,1371021.47
5629145419,ACCR,2022-07-24,46404.03,Main Interest Liquidation,1040590.49
5603822805,ACCR,2022-01-13,679676.01,Principal Liquidation,1516059.08
5565298510,ACCR,2022-11-30,1561736.22,Principal Liquidation,83640.61
7027499815,ACCR,2022-05-30,3196543.51,Main Interest Liquidation,1765888.75
4924988112,ACCR,2022-03-05,892465.96,Main Interest Liquidation,1782963.24
5041937461,ACCR,2022-12-21,2709394.66,Principal Liquidation,784553
1540227793,ACCR,2022-01-08,858493.66,Principal Liquidation,1806542.56
5248677360,ACCR,2022-11-18,2191157.38,Principal Liquidation,1803231.51
3285735457,ACCR,2022-11-06,1544001.7,Main Interest Liquidation,344631.2
6017556328,ACCR,2022-04-12,644034.55,Main Interest Liquidation,1595208.39
5128264861,ACCR,2022-11-16,3166069.69,Principal Liquidation,1558754.63
3859101553,ACCR,2022-09-06,2366342.3,Main Interest Liquidation,2868412.73
9076922872,ACCR,2022-08-11,2090088.55,Main Interest Liquidation,2300737.82
3215312111,ACCR,2022-03-12,629654.85,Main Interest Liquidation,1072138.07
7407868753,ACCR,2022-09-09,3282954.87,Principal Liquidation,523441.72
3758076929,ACCR,2022-02-10,859064.89,Penal Interest Liquidation,2106905.48
4086477689,ACCR,2022-03-12,2360181.72,Main Interest Liquidation,2409509.58
6145237589,ACCR,2022-07-30,1285013.38,Main Interest Liquidation,2802142.37
4558059882,ACCR,2022-08-29,520244.9,Principal Liquidation,3112864.78
4961009979,ACCR,2022-03-09,2000869.7,Penal Interest Liquidation,1711795.99
8368482601,ACCR,2022-05-30,3292775.57,Main Interest Liquidation,1689121.67
9280879571,ACCR,2022-07-11,1939180.71,Principal Liquidation,2243545.64
4876585720,ACCR,2022-06-15,768646.08,Main Interest Liquidation,3279040.1
6890018765,ACCR,2022-10-01,400426.46,Main Interest Liquidation,975044.46
1596579509,ACCR,2022-09-07,2675414.05,Principal Liquidation,1192885.55
774871915,ACCR,2022-09-08,881095.14,Main Interest Liquidation,3043580.66
8381480443,ACCR,2022-07-03,1964673.18,Principal Liquidation,2789098.8
5052923744,ACCR,2022-12-18,1786134.28,Penal Interest Liquidation,2307644.02
8326962196,ACCR,2022-10-18,539355.77,Principal Liquidation,3036686.06
4950612527,ACCR,2022-09-29,2735844.34,Principal Liquidation,3335494.54
3296812727,ACCR,2022-08-07,1056519.28,Principal Liquidation,3466148.71
5525708780,ACCR,2022-07-08,2052183.77,Main Interest Liquidation,3420559.62
7095110221,ACCR,2022-10-12,2827102.28,Accrued Interest Liquidation,691449.37
7917899454,ACCR,2022-02-16,893015.51,Main Interest Liquidation,2618504.38
1376348968,ACCR,2022-04-15,2722878.38,Principal Liquidation,2458283.71
2541375547,ACCR,2022-08-19,3270626.91,Principal Liquidation,752059.64
881436536,ACCR,2022-01-20,421141.25,Principal Liquidation,1521696.77
5004549256,ACCR,2022-05-02,1954599.42,Main Interest Liquidation,502207.68
5342709506,ACCR,2022-04-30,526838.67,Accrued Interest Liquidation,3302948.43
7641357072,ACCR,2022-12-13,3420928.53,Main Interest Liquidation,867631.12
8584151554,ACCR,2022-10-06,1531013.5,Principal Liquidation,2081871.57
6383121148,ACCR,2022-05-05,2955899.73,Main Interest Liquidation,2614758.73
8854479526,ACCR,2022-11-30,1167529.52,Principal Liquidation,1838248.07
7866777087,ACCR,2022-07-22,601902.02,Principal Liquidation,599667.15
6580588656,ACCR,2022-04-13,1441372.4,Principal Liquidation,127697.53
2232792024,ACCR,2022-04-02,1002028.93,Main Interest Liquidation,3317898.72
9920376784,ACCR,2022-12-03,1832880.07,Accrued Interest Liquidation,1245654.12
6723132134,ACCR,2022-07-18,2655296.08,Principal Liquidation,589490.98
3822354151,ACCR,2022-09-16,2384302.85,Principal Liquidation,1216917.77
7449035123,ACCR,2022-04-14,1500774.82,Main Interest Liquidation,2687062.4
8749168833,ACCR,2022-11-23,3433924.95,Main Interest Liquidation,886434.54
7293049723,ACCR,2022-02-07,766445.5,Principal Liquidation,770589.61
6192682054,ACCR,2022-01-11,2739527.66,Main Interest Liquidation,827385.97
2133525181,ACCR,2022-09-09,1502199.25,Main Interest Liquidation,2501847.66
6295218178,ACCR,2022-12-22,2054524.28,Main Interest Liquidation,3485872.18
2121791898,ACCR,2022-03-12,2766516.4,Main Interest Liquidation,1777361.32
7821677989,ACCR,2022-06-20,1720635.43,Principal Liquidation,3093263.86
4633201150,ACCR,2022-10-14,2703362.49,Principal Liquidation,1153455.87
8040918705,ACCR,2022-03-19,755588.16,Penal Interest Liquidation,641660.47
5502724991,ACCR,2022-01-06,299919.31,Main Interest Liquidation,1044847.57
1575392411,ACCR,2022-10-20,910478.09,Main Interest Liquidation,1601821.12
8862520805,ACCR,2022-03-11,146998.21,Main Interest Liquidation,1502295.56
1755002916,ACCR,2022-06-05,2848053.89,Main Interest Liquidation,254679.98
9258419747,ACCR,2022-10-25,1235761.59,Principal Liquidation,1038920.52
3752057719,ACCR,2022-03-11,121469.42,Main Interest Liquidation,2736289.65
5863884438,ACCR,2022-05-02,2894475.64,Principal Liquidation,407742.34
778131164,ACCR,2022-10-20,2399354.61,Principal Liquidation,1876889.87
5669291597,ACCR,2022-03-11,1549819.14,Principal Liquidation,2471994.97
9660771854,ACCR,2022-03-06,2247850.47,Main Interest Liquidation,433899.18
6475973238,ACCR,2022-11-25,171718.51,Main Interest Liquidation,3195987.57
7910920641,ACCR,2022-12-06,2910959.98,Penal Interest Liquidation,1738259.62
5620975001,ACCR,2022-10-25,893000.25,Principal Liquidation,1063952.62
901111126,ACCR,2022-04-29,906010.52,Principal Liquidation,2290339.59
2709099454,ACCR,2022-10-22,740630.4,Main Interest Liquidation,2910211.23
8985987427,ACCR,2022-01-16,289926.37,Main Interest Liquidation,540234.84
7364017295,ACCR,2022-11-26,2553221.79,Main Interest Liquidation,3205081.2
7431391514,ACCR,2022-08-29,2789089.58,Principal Liquidation,2382632.68
8183796798,ACCR,2022-12-28,2248562.44,Principal Liquidation,1663929.96
7802811011,ACCR,2022-04-17,1171343.43,Main Interest Liquidation,1697360.64
7035324555,ACCR,2022-11-23,2818742.69,Main Interest Liquidation,899468.74
4437796333,ACCR,2022-05-08,2183246.5,Main Interest Liquidation,95330.57
1949195010,ACCR,2022-09-16,2657867.1,Accrued Interest Liquidation,2363141.08
5504276164,ACCR,2022-02-01,3024012.67,Principal Liquidation,1955181.7
8641708430,ACCR,2022-12-05,3092269.35,Principal Liquidation,519981.16
2061387175,ACCR,2022-12-11,922206.12,Principal Liquidation,3213980.77
7987203991,ACCR,2022-07-30,1188379.81,Accrued Interest Liquidation,1531533.88
145525097,ACCR,2022-03-26,573355.82,Principal Liquidation,2059640.17
6622903033,ACCR,2022-09-17,3161308.15,Main Interest Liquidation,157194.61
727572342,ACCR,2022-05-21,2272645.6,Principal Liquidation,2478284.41
1967574527,ACCR,2022-11-24,904107.39,Main Interest Liquidation,1378187.23
2666385099,ACCR,2022-01-17,2644610.97,Main Interest Liquidation,2072045.71
8643887450,ACCR,2022-03-02,783524.8,Principal Liquidation,1510033.99
2444380737,ACCR,2022-05-19,1559241.13,Main Interest Liquidation,793456
3638733186,ACCR,2022-12-24,1152660.7,Main Interest Liquidation,2354072.21
1114607110,ACCR,2022-03-14,402663.17,Principal Liquidation,2087285.05
1930863423,ACCR,2022-01-20,2517737.57,Principal Liquidation,1100787.55
3784457969,ACCR,2022-01-30,1282421.37,Accrued Interest Liquidation,501835.57
5805163547,ACCR,2022-12-12,595630.47,Penal Interest Liquidation,2192566.2
8728520857,ACCR,2022-09-17,1162619.07,Principal Liquidation,2304135.18
3608895631,ACCR,2022-08-26,2528275.83,Main Interest Liquidation,1553941.94
8318948991,ACCR,2022-06-28,1650934.66,Principal Liquidation,2864462.73
8587754871,ACCR,2022-02-24,981370.46,Main Interest Liquidation,481888.22
1120901031,ACCR,2022-02-19,1360054.88,Principal Liquidation,3234992.21
1659285757,ACCR,2022-08-28,1514518.08,Principal Liquidation,885216.21
1445901457,ACCR,2022-09-15,3380800.73,Main Interest Liquidation,2260558.07
8860104281,ACCR,2022-04-13,415767.91,Main Interest Liquidation,1246742.4
4105392901,ACCR,2022-09-19,2515103.11,Principal Liquidation,3397095.74
1267300687,ACCR,2022-09-04,1160841.95,Principal Liquidation,3382336.03
2523665457,ACCR,2022-04-09,1834049.36,Principal Liquidation,3220698.78
7652920247,ACCR,2022-08-02,837941.3,Accrued Interest Liquidation,482661.94
5676720556,ACCR,2022-05-15,1234142.99,Main Interest Liquidation,162150.84
4849745018,ACCR,2022-06-22,917500.04,Principal Liquidation,2688521.09
7312602054,ACCR,2022-07-26,336958.99,Main Interest Liquidation,2537035.06
6772916495,ACCR,2022-12-12,1527450.3,Penal Interest Liquidation,174201.38
1362527596,ACCR,2022-01-17,3463226.27,Main Interest Liquidation,1252874.07
920919400,ACCR,2022-01-12,3334899.85,Main Interest Liquidation,3013016.94
9528791735,ACCR,2022-11-07,304954.7,Main Interest Liquidation,1558756.7
8210406084,ACCR,2022-04-12,785578.48,Principal Liquidation,208787.12
4885167339,ACCR,2022-09-15,1502828.62,Main Interest Liquidation,3094990.19
1144084886,ACCR,2022-10-17,330337.31,Main Interest Liquidation,2909899.65
5054906189,ACCR,2022-02-14,330598.64,Main Interest Liquidation,1963933.35
7679035958,ACCR,2022-10-26,840474.16,Principal Liquidation,688680.18
5269037937,ACCR,2022-11-14,1284970.12,Principal Liquidation,344525.89
4591042391,ACCR,2022-03-26,1850532.87,Main Interest Liquidation,302472.76
9087115052,ACCR,2022-11-10,3443181.78,Principal Liquidation,2599532.36
936541122,ACCR,2022-07-30,2717192.41,Main Interest Liquidation,876144.75
8467725182,ACCR,2022-07-18,1990146.89,Main Interest Liquidation,1603807.05
8748504585,ACCR,2022-09-24,146113.04,Main Interest Liquidation,2211804.74