Account_Number,Component_Name,Schedule_Due_Date,Amount_Due
4245836024,Principal,2022-02-15,3417000.63
9339652053,Interest,2022-06-04,1551463.32
2185081115,Principal,2022-10-29,481735.39
8286230278,Principal,2022-11-25,2829928.72
4251938658,Principal,2022-02-16,554351.11
4635861131,Principal,2022-08-16,1571298.78
2242136622,Interest,2022-01-24,1283131.09
4290178284,Interest,2022-02-28,1490374.25
1002625304,Principal,2022-05-09,2209876.3
4039484424,Principal,2022-08-08,3183139.44
9108307913,Principal,2022-08-30,1569659.66
2827856739,Principal,2022-12-30,3121161.43
4271675960,Principal,2022-10-06,295106.77
9919996185,Principal,2022-11-26,449042.25
3523135626,Principal,2022-07-18,1546956.67
3892266239,Principal,2022-09-06,1408376.59
2517148210,Interest,2022-04-22,2067245.65
3266409269,Principal,2022-06-30,2879877.06
4202450903,Principal,2022-04-25,885979.32
3963117634,Principal,2022-01-07,502411.92
8744795543,Principal,2022-04-05,997562.86
6582179100,Principal,2022-01-06,845716.06
2003016747,Interest,2022-02-26,502002.58
3271340886,Interest,2022-10-27,237900.39
2883340959,Principal,2022-03-23,1482641.35
6872155565,Interest,2022-03-29,760565.53
6498286780,Principal,2022-06-20,2888442.53
865032763,Principal,2022-12-26,1682206.49
4780194984,Interest,2022-04-30,664198.52
4147142243,Principal,2022-07-19,2021401.64
5775414150,Interest,2022-04-21,624553.34
4811455549,Principal,2022-07-25,2524433.94
6015393793,Principal,2022-04-05,661081.61
9838705188,Principal,2022-01-02,1220799.81
9978219384,Principal,2022-08-20,1509876.45
6431581684,Principal,2022-10-17,1802148.19
7322284037,Principal,2022-10-13,1140500.93
106221139,Principal,2022-12-28,1882368.32
5164559743,Interest,2022-09-06,836155.25
2022572151,Interest,2022-03-09,1736487.02
7678171317,Interest,2022-01-07,55001.06
516689305,Principal,2022-11-19,967848.14
6169575896,Interest,2022-12-19,705128.96
3854825792,Interest,2022-12-02,906803.72
7314820871,Principal,2022-03-14,3187910.72
793437115,Principal,2022-07-24,554137.35
4482226276,Interest,2022-08-22,374483.81
3589341328,Principal,2022-10-28,1068658.69
4761824208,Principal,2022-10-08,1534658.99
8176104118,Principal,2022-01-07,820419.66
8901293973,Interest,2022-02-27,1988456.77
2680326512,Principal,2022-06-17,2535146.2
5759185805,Interest,2022-02-12,2783873.21
7464033417,Principal,2022-08-01,1873827.53
6008518240,Interest,2022-12-13,951403.1
9408466155,Principal,2022-01-05,2314072.79
4912873205,Principal,2022-11-11,1584487.42
616539584,Interest,2022-07-31,1485821.56
1390367259,Interest,2022-10-03,2353031.47
2660231908,Principal,2022-02-11,1189444.92
6485746027,Interest,2022-06-27,453359.37
4798067716,Principal,2022-04-24,2504657.27
9065525000,Principal,2022-11-03,910086.04
363012359,Principal,2022-02-24,2666119.26
6099498483,Principal,2022-02-18,592094.8
297432745,Principal,2022-05-10,1569599.53
6863533124,Interest,2022-06-13,2450034.07
3245159794,Principal,2022-12-10,515124.13
6295481550,Interest,2022-09-28,1890673.49
2848195423,Interest,2022-09-29,2390176.52
9178185452,Interest,2022-09-27,2260672.72
1126562464,Principal,2022-10-01,2033057.76
570506882,Interest,2022-12-01,2653929.84
6624967905,Principal,2022-06-09,2287143.85
7401454609,Principal,2022-01-10,1768968.79
6788151731,Principal,2022-03-24,1557786.94
2199976753,Interest,2022-05-22,1037113.67
7353265285,Interest,2022-11-13,1521375.29
9381464467,Principal,2022-11-15,584914.38
2704661884,Interest,2022-03-24,1994043.03
5108885156,Interest,2022-08-19,1505968.84
2984450898,Principal,2022-07-27,775348.78
2496860053,Principal,2022-06-26,1867981.53
5189685909,Interest,2022-03-07,861453.99
7774701446,Interest,2022-11-16,3310260.78
9085548748,Principal,2022-09-25,1527245
8464693888,Interest,2022-01-24,2524902.13
3943250533,Principal,2022-03-15,3440137.95
597949990,Interest,2022-02-05,531180.59
2241323749,Principal,2022-03-13,2394235.23
8138562600,Interest,2022-05-21,3124862.63
226216925,Interest,2022-01-29,253242.34
5514766513,Principal,2022-11-05,377197.98
1690432491,Principal,2022-03-26,195279.16
5046252779,Principal,2022-03-25,848085.93
1589984635,Interest,2022-12-14,3149226.92
4282839974,Interest,2022-09-19,2874421.46
5791854267,Principal,2022-07-25,653227.51
1626157952,Interest,2022-12-21,1122631.12
2956494087,Principal,2022-12-01,351621.06
4806429872,Interest,2022-05-12,3380925
3601535826,Interest,2022-07-24,1195391.68
1019764151,Principal,2022-08-09,3008191.86
4465795197,Principal,2022-12-15,1689993.34
7364079045,Principal,2022-12-13,966883.74
9135577353,Interest,2022-09-10,1592631.47
9262804475,Interest,2022-08-19,2955678.58
2330366698,Principal,2022-08-06,581166.4
4341197965,Principal,2022-04-04,1461170.32
5724741283,Principal,2022-09-12,706540.33
1656108265,Principal,2022-10-23,536973.54
4037519051,Principal,2022-09-06,2582038.98
1039386318,Principal,2022-10-07,426359.57
1571895588,Principal,2022-01-31,1029246.61
997330747,Interest,2022-08-15,509523.79
7475303019,Principal,2022-08-28,2521091.35
4278388502,Interest,2022-10-21,1742385.76
30748245,Principal,2022-07-31,3296306.58
8517575456,Interest,2022-06-16,1957357.77
1633444666,Principal,2022-08-02,2735375.57
5345129830,Principal,2022-03-14,2597933.73
6059080905,Principal,2022-05-21,1746819.25
8626524997,Principal,2022-12-25,1193562.81
8497009800,Principal,2022-04-18,2756545.1
9859671421,Principal,2022-07-10,233677.24
8804813936,Interest,2022-09-17,2703608.38
2958566615,Principal,2022-07-14,737058.01
3312862197,Principal,2022-08-12,346721.47
7698197866,Interest,2022-05-31,893518.34
5181461935,Principal,2022-10-31,734368.23
7775985699,Principal,2022-06-24,2083085.8
5730297924,Principal,2022-11-15,2337769.15
2144992455,Principal,2022-06-23,3015036.42
9414389129,Interest,2022-08-22,943149.01
4580599390,Principal,2022-01-19,1197876.98
966762329,Principal,2022-03-17,1763424.97
3843319856,Interest,2022-03-16,1325118.48
5679084023,Principal,2022-09-08,1994786.98
8952441745,Principal,2022-12-11,3312137.81
2749599942,Interest,2022-06-25,2981971.98
8389590407,Interest,2022-07-23,690299.73
1550307099,Principal,2022-02-24,2659716.05
7381649280,Interest,2022-10-26,1390714.2
2788106487,Interest,2022-12-05,900386.5
1375944237,Principal,2022-09-16,2204410.63
4982423742,Principal,2022-09-29,3174733.35
5068073276,Principal,2022-10-07,2092144.95
3686488562,Interest,2022-01-27,2222270.43
8829751276,Principal,2022-03-26,1799726.08
9835711290,Principal,2022-09-05,1471662.07
3875209199,Principal,2022-10-11,1341685.1
8533274901,Principal,2022-08-18,333729.37
2761732103,Interest,2022-10-16,2592788.03
5032241798,Principal,2022-02-01,1241422.66
68525947,Interest,2022-09-16,1168338.44
5553158195,Interest,2022-01-21,3166514.72
2053406220,Principal,2022-12-24,1910834.25
273852400,Principal,2022-08-22,889660.03
3433249704,Principal,2022-03-21,2558294.06
7440543163,Interest,2022-03-19,1805950.84
5466040763,Interest,2022-04-18,1670385.59
7515432693,Interest,2022-09-30,2731128.62
8182036094,Principal,2022-10-22,3290783.53
3542367025,Principal,2022-02-21,1137259.82
2176803858,Principal,2022-05-04,375123.2
7674531659,Interest,2022-01-06,124398.73
8652093728,Principal,2022-03-04,2658586.76
5961678101,Interest,2022-03-13,1898176.22
333884347,Principal,2022-08-08,3440769.4
1272473716,Principal,2022-05-19,283138.32
5283404400,Interest,2022-09-09,817164.58
9644892264,Interest,2022-04-01,1597011.95
6991539750,Principal,2022-07-03,1235085.58
8352383113,Principal,2022-05-24,586398.74
9232703953,Principal,2022-08-12,1741667.41
7246704336,Principal,2022-04-25,1298648.65
6620859872,Principal,2022-08-13,2809556.91
997609173,Interest,2022-07-03,1351531.03
7961060285,Principal,2022-10-22,2607048.33
8468276959,Principal,2022-01-23,3426531.34
7929045300,Principal,2022-05-01,3455736.98
3284430405,Principal,2022-03-31,1344422.87
6296048761,Principal,2022-03-23,629227.18
2312161905,Principal,2022-01-27,3114059.87
2308110887,Interest,2022-01-13,801687.96
6227581202,Interest,2022-06-16,1985007.99
4037459836,Principal,2022-04-02,2622571.18
8367335208,Principal,2022-04-06,3446222.8
9704355552,Principal,2022-11-25,1329014.62
2595963885,Principal,2022-12-29,2176628.95
7548644161,Principal,2022-08-17,1269818.73
1177775565,Principal,2022-01-14,3028580.55
6711342557,Interest,2022-12-17,193554.08
7751065407,Principal,2022-02-14,2792164.64
219159913,Interest,2022-04-13,2775932.4
7639057580,Interest,2022-04-12,1709207.75
3475353970,Principal,2022-02-25,2195262.5
8178942115,Principal,2022-06-29,1195148.54
4859600492,Interest,2022-09-03,2425808.77
1204373876,Principal,2022-09-10,839270.29
7932380136,Principal,2022-07-15,1715224.33
9410083199,Principal,2022-05-02,1683306.31
9749994850,Principal,2022-02-19,3311463.98
7698118709,Principal,2022-01-24,3187427.79
3593302916,Principal,2022-05-06,2288210.47
272263143,Principal,2022-09-04,2746790.26
6479198693,Principal,2022-09-22,3203438.65
3153845036,Interest,2022-04-11,2586179.18
9823191030,Principal,2022-12-24,3498934.4
1202491740,Principal,2022-09-18,2331981.87
5478106955,Principal,2022-01-08,2798964.33
8545309039,Interest,2022-04-15,3133592.15
5908320082,Interest,2022-12-21,403307.75
9523008223,Interest,2022-10-22,3003473.94
914515920,Principal,2022-04-05,3184683.21
5509508666,Interest,2022-04-04,519396.43
2914812406,Interest,2022-01-27,121548.14
5072046629,Principal,2022-03-28,3091804.48
8692001779,Interest,2022-12-25,1434579.95
3908648739,Principal,2022-10-21,1961890.39
1410737865,Principal,2022-06-29,1851681.52
8803964346,Interest,2022-11-08,431170.2
1118629208,Principal,2022-10-31,1000910.27
9217399603,Principal,2022-02-06,1837677.41
9082289731,Principal,2022-05-23,1124856.17
9191454602,Principal,2022-06-15,1892352.86
5363759604,Principal,2022-06-30,3458807.12
5197244570,Principal,2022-06-17,134814.98
3738373532,Interest,2022-03-28,1483905.08
7124820744,Principal,2022-04-17,3473837.61
3123376753,Principal,2022-01-15,278256
1061402893,Interest,2022-07-23,1341319
1212822975,Principal,2022-05-10,2042402.14
5085371135,Principal,2022-10-27,3486757.67
8761656740,Interest,2022-06-19,3134681.48
1196594616,Principal,2022-12-10,2876948.18
8794334723,Principal,2022-08-21,3073145.92
3559767672,Principal,2022-07-13,996973.76
9411049290,Principal,2022-09-21,3406235.28
8044441203,Principal,2022-04-17,3295313.27
7173575945,Principal,2022-08-15,142556.14
7345460016,Interest,2022-11-15,1291434.23
9125148223,Principal,2022-04-30,742024.69
6697287716,Principal,2022-10-12,723694.88
2426698343,Principal,2022-08-29,897172.23
1224695483,Interest,2022-08-18,1856782.54
6286829853,Principal,2022-11-28,1380415.81
1203918110,Principal,2022-04-22,1634398.47
5123758079,Interest,2022-07-05,511820.99
2503702795,Principal,2022-05-15,2091041.05
5095226358,Interest,2022-08-26,1536863.43
7340920926,Principal,2022-10-25,3461176.2
1206051312,Principal,2022-03-14,2100993.56
7205913541,Principal,2022-06-02,274329.44
9733699393,Interest,2022-01-24,3086717.55
4699645110,Principal,2022-01-19,3025560.33
3779937240,Principal,2022-09-14,2146229.5
2573059875,Principal,2022-03-04,45173.06
9881751696,Principal,2022-02-23,661537.73
8089321897,Interest,2022-08-11,68130.81
5216287459,Interest,2022-10-02,3035738.04
7013640863,Interest,2022-10-24,1094259.21
3015712714,Principal,2022-11-11,458674.86
2057485161,Principal,2022-10-26,2047445.82
2960647792,Principal,2022-04-25,264661.69
5801705963,Principal,2022-04-07,1864043.02
2154463117,Interest,2022-08-13,1948089.01
3652070746,Principal,2022-09-14,2272855.26
4277049403,Principal,2022-08-27,1916563.82
7447768119,Interest,2022-04-20,2695340.71
9431098928,Principal,2022-08-27,2608210.73
736548918,Principal,2022-09-12,1298778.78
1714505115,Interest,2022-08-28,126529.35
7888106857,Principal,2022-03-29,1112106.24
3643358230,Principal,2022-02-25,227467.95
2746390275,Principal,2022-05-23,2316940.43
5206859201,Interest,2022-08-20,990025.32
4404459870,Principal,2022-01-24,575411.46
3063286537,Principal,2022-01-04,1516176.44
7436025910,Principal,2022-07-20,1199212.53
2790858633,Principal,2022-07-21,2899309.9
1532584927,Principal,2022-05-16,865732.01
1027789714,Principal,2022-05-30,2850532.3
1791857465,Principal,2022-07-07,1129734.84
4133955926,Interest,2022-11-06,1181402.91
2327612884,Principal,2022-02-02,629565.13
4437946887,Interest,2022-09-04,439467.98
3032867371,Principal,2022-11-08,1611091.16
9124378326,Principal,2022-10-29,612087.77
4667134714,Principal,2022-04-06,3323836.19
5269666651,Interest,2022-05-07,1744133.08
5843208238,Interest,2022-12-25,1483160.4
3872533388,Principal,2022-07-30,1953634.98
8169726387,Principal,2022-11-28,645550.14
4669638482,Principal,2022-08-16,1701554.64
3910842666,Principal,2022-01-18,2467575.01
6139237708,Interest,2022-12-09,1681550.21
1763978630,Interest,2022-08-22,1317949.14
3319885007,Principal,2022-04-24,98474.17
4754506298,Principal,2022-08-30,2278940.89
8528115635,Principal,2022-02-01,1708555.75
3820558982,Interest,2022-02-16,1166020.14
6911246879,Interest,2022-05-22,244500.97
7703316402,Principal,2022-09-09,3141515.74
6882057483,Principal,2022-04-15,1852205.5
9364878602,Principal,2022-05-01,747510.62
3908723099,Interest,2022-12-25,480072.07
398199068,Interest,2022-02-06,928083.8
967557014,Principal,2022-11-05,1112163.21
3416326352,Principal,2022-07-27,2167628.14
669152710,Principal,2022-08-31,2339887.21
5669172864,Principal,2022-11-05,647196.6
4085828885,Principal,2022-06-22,2602637.54
4427711327,Interest,2022-02-23,510300.06
2905286883,Principal,2022-02-19,376835.59
8390650904,Interest,2022-12-07,2321458.49
214398458,Interest,2022-07-11,1385351.66
7765138512,Interest,2022-10-14,3253891.71
4939644459,Principal,2022-12-18,2972359.46
1542313987,Principal,2022-01-26,1610990.36
9413040538,Principal,2022-11-05,370312.51
2208745421,Principal,2022-07-06,1805781.77
8532590426,Principal,2022-08-18,2756285.41
1071684404,Interest,2022-05-13,3050126.42
584145634,Interest,2022-02-22,3152999.92
8882547776,Interest,2022-01-16,166570.11
7749754068,Principal,2022-03-02,2784178.89
9471164219,Interest,2022-11-18,2604341.7
4120181580,Principal,2022-01-01,1144549.77
8772935254,Interest,2022-10-15,2603345.78
6323916151,Interest,2022-10-10,2939143.44
7943829571,Principal,2022-06-06,2758517.44
6413338647,Principal,2022-11-02,3137878.86
3522701069,Interest,2022-01-08,3077757.61
3679151897,Principal,2022-07-21,2775118.35
3990388357,Interest,2022-11-24,877606.6
9397635475,Principal,2022-04-29,1299080.27
3257513366,Principal,2022-07-03,3126241.76
2801257369,Principal,2022-11-11,945782.22
3593598580,Principal,2022-10-30,2289182.48
317126183,Principal,2022-08-11,1459572.08
7479967891,Interest,2022-03-20,3305009.34
103004722,Principal,2022-07-19,1705088.15
2784022255,Interest,2022-08-15,2212094.07
9786647137,Interest,2022-10-04,680163.59
1650009489,Principal,2022-04-06,905886.18
4681259302,Principal,2022-05-07,1050331.48
3953155347,Principal,2022-09-17,2781223.16
8591981090,Interest,2022-10-13,2615864.2
8432979147,Principal,2022-02-18,191324.59
9976274670,Interest,2022-08-23,1432534.01
8321062294,Principal,2022-09-27,2242443.93
8161570048,Principal,2022-11-25,3281038.69
3614693440,Principal,2022-05-29,981859.3
2027196329,Interest,2022-11-10,2319013.7
68320771,Principal,2022-04-14,1667831.14
6821544584,Principal,2022-11-29,667716.67
1239682518,Principal,2022-10-19,3449094.51
4298866686,Interest,2022-06-17,2256861.27
3987433936,Principal,2022-02-06,3005453.63
9034862855,Principal,2022-08-03,3476738.18
9547979679,Principal,2022-07-02,1495112.97
9863402392,Principal,2022-10-04,1701992.27
4604811690,Principal,2022-11-02,1757784.26
5952567934,Principal,2022-08-04,584692.45
2233783404,Principal,2022-05-09,587659.65
6824466962,Interest,2022-10-01,338662.72
2657608597,Interest,2022-11-10,1766702.2
1504802636,Principal,2022-12-13,1603306.19
1423019345,Principal,2022-10-20,2572360.35
2380097189,Interest,2022-04-27,2217337.99
4851163919,Principal,2022-02-11,2883495.63
9237132567,Principal,2022-11-27,2515883.93
4163077994,Principal,2022-08-25,3175727.23
8642356603,Interest,2022-11-14,3428011.14
5833381720,Principal,2022-10-24,3435539.49
7497156279,Principal,2022-07-25,1336498
8588254988,Interest,2022-05-20,645168
8441688453,Interest,2022-11-21,1047756.32
3876867663,Principal,2022-04-09,3185778.35
5917025031,Principal,2022-11-03,469290.74
8721494200,Principal,2022-10-16,427158.7
2497699056,Interest,2022-10-27,3421047.69
8048880301,Principal,2022-06-12,63984.42
5924080847,Interest,2022-06-21,2700114.23
1510106804,Interest,2022-02-02,1661543.95
2743859739,Principal,2022-07-02,1520448.77
7870008165,Principal,2022-01-13,2715147.27
8944652913,Principal,2022-11-26,2509946.52
1168755766,Principal,2022-12-11,806957.33
3827440568,Principal,2022-10-01,2519536
479284128,Principal,2022-09-07,2776224.91
4008559559,Principal,2022-03-05,2418726.86
6720039821,Principal,2022-04-14,1170950.89
7920419196,Principal,2022-07-15,210454.09
6500943807,Principal,2022-10-08,3109798.28
6456121582,Interest,2022-12-25,2822547.61
2454602718,Principal,2022-07-21,369620.6
828391200,Principal,2022-02-08,702988.25
2216899212,Principal,2022-10-18,3012576.82
9343334217,Principal,2022-08-15,3379745.41
7191829650,Principal,2022-05-12,2355032.58
243040203,Principal,2022-08-06,3035816.51
3948499833,Interest,2022-05-15,959908.67
829245084,Principal,2022-07-15,2008624.82
2558748495,Principal,2022-01-23,2718015.79
8123852127,Principal,2022-12-15,1816970.82
2820574225,Interest,2022-08-16,3263726.78
9087673292,Principal,2022-05-14,3153339.04
2179541717,Principal,2022-03-27,1635887.11
99834387,Principal,2022-02-02,2829554.56
2383901741,Principal,2022-06-30,2939842.24
6251324824,Interest,2022-12-27,3264491.05
8096347324,Principal,2022-07-29,3105849.93
6034568781,Principal,2022-09-21,3050454.57
9154295876,Principal,2022-08-27,585346.35
4075747154,Principal,2022-07-16,2078866.9
2209206385,Principal,2022-02-11,1191469.59
225032416,Principal,2022-05-07,2585721.11
2791486606,Principal,2022-05-16,2876307.31
5576493086,Principal,2022-07-31,3449096
3204054209,Interest,2022-06-05,1423070.72
1127992303,Interest,2022-01-15,1080532.01
5434858325,Principal,2022-09-29,1229261.55
6168361736,Principal,2022-07-31,1942919.76
1723847910,Principal,2022-10-25,611803.48
7929322677,Interest,2022-10-27,211424.52
5803015476,Interest,2022-05-09,878976.13
1247751821,Principal,2022-03-29,1135818.15
6906495617,Principal,2022-03-21,3410268.02
2369942406,Principal,2022-10-27,779971.38
2959692179,Principal,2022-11-28,236755.22
9894631800,Principal,2022-11-10,3410434.83
3933662805,Principal,2022-06-06,462190.68
2122720880,Principal,2022-11-05,2664970.45
4715314073,Principal,2022-10-15,2544603.63
5767696058,Principal,2022-11-18,2976974.31
3197039838,Principal,2022-12-21,1995909.15
1833005190,Interest,2022-07-29,2482832.24
4784217801,Interest,2022-04-10,3315914.29
6915822474,Interest,2022-12-24,721172.63
2433999716,Principal,2022-12-06,726862.44
3314308280,Principal,2022-12-09,890747.77
7151010205,Interest,2022-05-21,902093.3
7583490140,Principal,2022-04-12,1638473.42
582700547,Principal,2022-11-16,364962.4
5803581792,Principal,2022-06-22,1849783.21
8663604017,Interest,2022-04-26,1655613.16
2929286875,Principal,2022-08-09,1695292.56
7812931947,Principal,2022-11-02,1230832.64
3106696797,Principal,2022-05-29,241945.54
4810193998,Principal,2022-07-23,1129347.85
7318199023,Interest,2022-03-09,890637.24
2436226164,Interest,2022-09-05,373130.71
983837183,Principal,2022-01-19,331685.11
4563031310,Principal,2022-03-01,1911221.09
3330809214,Principal,2022-09-17,3421286.43
2133273544,Principal,2022-08-01,1970135.28
7051812082,Principal,2022-05-05,1867843.48
9106308951,Interest,2022-06-05,1746326.13
6986529933,Principal,2022-05-04,1084139.92
3383705562,Principal,2022-04-29,648475.83
876590009,Principal,2022-10-30,350117.15
1187469308,Principal,2022-05-28,3354934.37
6114379793,Principal,2022-02-19,609705.9
7292813868,Principal,2022-03-17,1604712.6
4739032179,Principal,2022-03-08,3159119.51
5602819521,Principal,2022-04-20,2748073.82
8224329737,Principal,2022-09-05,944703.54
8410778494,Interest,2022-10-10,650739.08
2913404104,Principal,2022-07-24,1113497.94
8830754624,Interest,2022-02-07,2628195.93
5958065915,Interest,2022-03-21,1886742.23
8362921952,Principal,2022-02-25,94389.45
5765388639,Principal,2022-06-09,2212366.37
4561961430,Interest,2022-01-18,1933281.38
5699825259,Interest,2022-10-23,1977331.27
2998274153,Principal,2022-02-18,3249078.01
4059616482,Principal,2022-01-22,3146319.59
160628276,Interest,2022-09-14,1063723.72
7695240457,Principal,2022-12-17,3152623.97
7145200709,Principal,2022-12-14,769077.15
661318377,Interest,2022-08-22,1566520.85
2130628902,Principal,2022-02-25,365409.38
8798773406,Principal,2022-07-30,1475279.69
6438416239,Principal,2022-05-27,308016.4
9797238131,Principal,2022-06-20,3312608.82
5498623627,Principal,2022-01-10,1749283.38
3505569948,Interest,2022-10-30,1144791.61
8690133901,Principal,2022-04-20,2168359.17
7256973273,Interest,2022-02-03,2476724.62
7807548000,Principal,2022-11-03,178635.23
6012149266,Principal,2022-12-02,2347865
6539902061,Interest,2022-10-29,144971.84
5096883732,Principal,2022-01-13,1257530.63
4543908357,Principal,2022-12-26,163185.5
8913385870,Interest,2022-02-27,2062910.7
8420641447,Principal,2022-03-19,224970.46
2700947682,Interest,2022-05-14,1468328.16
8149860732,Principal,2022-11-02,3316908.4
8973333175,Interest,2022-09-16,2452982.61
9340759844,Interest,2022-10-11,939520.98
2317102213,Interest,2022-11-13,1796137.24
8783167999,Principal,2022-04-04,379062.84
3590450779,Principal,2022-12-01,1137662.19
3074979285,Interest,2022-05-17,2410864.5
6175282455,Principal,2022-01-24,2091706.47
5394116793,Principal,2022-03-07,485193.58
8885634887,Interest,2022-03-24,1804779.01
4942715268,Interest,2022-09-05,91570.67
790104589,Principal,2022-06-25,1115775.32
5913016000,Principal,2022-08-20,604730.33
5343407937,Principal,2022-08-22,1884787.44
5007960539,Interest,2022-06-27,3217248.74
9988417898,Principal,2022-03-31,1603366.31
3676137022,Interest,2022-11-24,1806914.52
8942561673,Principal,2022-01-26,1532374.22
620640765,Principal,2022-06-03,2586817.55
1198018588,Principal,2022-05-10,1269981.13
3934560867,Principal,2022-05-24,3340923.8
8564471222,Interest,2022-10-23,1733322.62
4480316294,Principal,2022-07-07,2023349.55
7200219681,Interest,2022-05-23,2380757.84
9297033109,Principal,2022-11-30,773903.09
889450684,Principal,2022-12-28,2287494.36
3271507043,Principal,2022-03-13,1357637.19
6019687502,Principal,2022-07-14,353522.58
3794673727,Principal,2022-04-04,2656218.22
602297967,Principal,2022-06-23,1396339.16
3284400476,Interest,2022-05-18,2754806.86
1759248939,Principal,2022-03-19,2547362.17
1760711057,Principal,2022-09-17,919501.86
6809305695,Principal,2022-05-30,1809436.77
2654365798,Principal,2022-04-29,2500150.51
4941519583,Interest,2022-11-25,459778.17
8735170082,Interest,2022-10-17,539936.41
4574003986,Principal,2022-11-01,2064881.49
9062115256,Principal,2022-08-08,1744392.95
4638133494,Principal,2022-05-15,448522.51
6054895068,Principal,2022-05-13,1248458.38
5532627324,Interest,2022-05-31,1575240.1
635394955,Interest,2022-12-18,2377001.5
7021802369,Interest,2022-02-08,1856146.66
8794561081,Principal,2022-05-21,3254365.17
6529428765,Principal,2022-10-09,938100.66
1685672139,Principal,2022-02-06,2763259.13
4569735358,Principal,2022-01-02,2388745.51
5836694840,Principal,2022-05-15,3192040.48
6607340732,Principal,2022-04-06,1467707.98
3308557325,Interest,2022-04-07,1776289.56
4358042802,Interest,2022-10-06,858538.34
8905803805,Principal,2022-08-06,856369.03
5478702942,Principal,2022-08-04,1414261.07
9912995027,Principal,2022-08-14,1022217.86
889268214,Principal,2022-10-15,2437699.27
8293494877,Interest,2022-06-29,952752.47
9907868318,Interest,2022-03-11,2137441.96
5851392027,Principal,2022-07-02,629119.71
3339572704,Interest,2022-04-19,1974636.89
1194224786,Principal,2022-04-24,514853.61
8414111767,Principal,2022-07-04,1277596.36
6594601935,Principal,2022-07-22,2584796.51
7475568410,Principal,2022-06-16,1253444.13
4258429305,Interest,2022-02-25,3062997.77
2689785821,Principal,2022-10-14,1405690.1
6855851946,Principal,2022-11-06,2095133.82
2360734247,Principal,2022-07-15,2791964.19
706966569,Interest,2022-02-11,720166.65
2569130304,Interest,2022-10-26,1275886.43
4395316640,Interest,2022-01-17,974107.76
3537898697,Principal,2022-01-07,1694789.76
4307917310,Interest,2022-01-20,448094.28
1710089634,Interest,2022-09-09,3191437.78
6226758944,Interest,2022-01-08,1906875.83
3912688397,Principal,2022-04-16,482074.05
7614008045,Principal,2022-02-24,3330246.73
6794482534,Principal,2022-06-17,3017178.06
7413597928,Interest,2022-11-03,2256941.69
8797703860,Interest,2022-06-08,1814606.86
6197689750,Interest,2022-03-11,1015339.01
1404245944,Principal,2022-06-03,2934884.2
9478131729,Principal,2022-07-19,1357631.14
337205558,Interest,2022-08-29,576234.56
8299114038,Interest,2022-06-15,2673505.39
1086662785,Principal,2022-06-20,1177552.21
3379461778,Interest,2022-01-15,1465194.51
7821792513,Principal,2022-11-15,221217.85
8075712102,Principal,2022-12-19,1939714.18
5027731669,Principal,2022-10-29,1457076.32
8166042418,Principal,2022-05-11,859040.52
8011748473,Interest,2022-06-02,3086504.42
3741560622,Interest,2022-06-06,1461815.23
3368981737,Principal,2022-03-05,3067067.5
3448972780,Interest,2022-07-14,2941846.8
3750357983,Principal,2022-07-05,105586.44
5773468164,Principal,2022-01-03,429506.59
1471534182,Principal,2022-09-26,2790135.01
1487390207,Principal,2022-04-17,2166898.98
4290919664,Interest,2022-10-20,2552627.22
3512335701,Principal,2022-05-16,1870336.66
3915162352,Interest,2022-06-06,1315772.01
2137784225,Interest,2022-10-31,2185835.7
3826687156,Principal,2022-04-02,1581637.19
8706374790,Principal,2022-02-03,1620603.55
8579910028,Principal,2022-06-26,1946011.95
369196899,Interest,2022-11-23,2415171.93
7643285398,Interest,2022-04-24,3179621.9
750891839,Interest,2022-10-29,3069414.71
8184008295,Principal,2022-04-12,1841090.69
2789950386,Principal,2022-08-27,2124252.08
2749007552,Principal,2022-01-25,2058477.65
5389626713,Principal,2022-08-02,550430.84
3024130164,Principal,2022-03-17,215370.65
2257604252,Interest,2022-05-14,2320231.34
5449935397,Principal,2022-03-06,3217004.63
2970780419,Principal,2022-08-22,337583.5
4612764049,Principal,2022-04-18,1482642.8
7666748685,Principal,2022-12-29,1728931.51
5356950530,Principal,2022-09-07,1238689.55
3334676625,Principal,2022-04-14,3076873.51
6171734133,Principal,2022-08-05,2320844.37
2844343875,Principal,2022-07-27,2325648.39
5238708824,Principal,2022-05-19,721261.08
464416806,Principal,2022-05-10,2492382.51
45787347,Principal,2022-09-24,2412509.37
2704256559,Principal,2022-03-30,1479010.15
6291787505,Principal,2022-06-15,1980220.63
1707454268,Interest,2022-09-26,1647750.63
6658125592,Principal,2022-01-12,313762.82
4510237179,Principal,2022-05-24,1863439.84
945686138,Principal,2022-12-29,3221548.5
856728931,Principal,2022-02-28,3418265.27
9773925142,Interest,2022-03-30,1164310.99
7147941173,Interest,2022-10-03,2551259.35
2841732569,Principal,2022-03-09,1413721.27
3900253415,Interest,2022-05-25,2753372.49
1859075190,Principal,2022-08-24,45637.74
2916233425,Principal,2022-09-07,49463.14
5651176927,Principal,2022-05-27,1318029.64
7115688375,Principal,2022-07-04,3311453.07
1204838421,Principal,2022-11-07,335879.85
4797435634,Interest,2022-10-07,2307384.25
9572381432,Interest,2022-12-20,77024.96
5415311804,Interest,2022-10-18,1230915.63
1462381380,Interest,2022-02-20,2010514.57
7046081744,Principal,2022-08-17,3269016.48
2430490842,Principal,2022-10-14,3201364.03
8060497399,Principal,2022-09-24,1612708.83
3788856002,Principal,2022-08-07,2788262.59
7811088823,Principal,2022-06-23,817285.1
66602839,Principal,2022-06-07,2076767.84
5165402637,Principal,2022-11-17,583700.69
6385548037,Interest,2022-01-09,1084586.8
5321282854,Principal,2022-06-27,1826165.26
7200959902,Principal,2022-11-03,559192.69
4389073412,Principal,2022-10-18,654402.03
9077125235,Principal,2022-05-05,2443699.42
4245317513,Interest,2022-02-13,1476783.67
1843243281,Principal,2022-08-15,3434127.67
5771152523,Principal,2022-09-21,1385779.33
8986245548,Principal,2022-03-20,1266072.1
9415697409,Principal,2022-07-11,2690962.92
8983022311,Principal,2022-12-20,1950693.55
5386450731,Principal,2022-06-03,959770.07
4850507874,Interest,2022-01-18,3179281.51
5181273829,Principal,2022-09-25,1429077.68
4043900371,Interest,2022-03-02,2805752.31
7102934308,Interest,2022-10-23,1628023.67
3013153586,Interest,2022-05-10,2406794.41
2314233612,Principal,2022-05-06,3108424.12
4116220599,Principal,2022-08-09,684481.01
8954249754,Interest,2022-04-17,1674358.57
3913466235,Interest,2022-03-02,2691037.56
4881869965,Interest,2022-12-09,3179050.16
9923514044,Principal,2022-02-09,114421.98
7448178933,Principal,2022-01-18,2452842.62
7968536023,Interest,2022-08-08,1751211.07
9103100434,Principal,2022-04-24,877221.13
4176343275,Principal,2022-03-12,2284560.31
9762656305,Principal,2022-07-17,3378923.38
372108598,Interest,2022-08-12,2111834.83
755584033,Principal,2022-01-07,1162115.01
3999112076,Principal,2022-11-09,2258235.49
8606313453,Interest,2022-08-25,778219.81
7947032463,Principal,2022-04-28,409729.9
2655301222,Principal,2022-06-18,2803174.99
1366955356,Principal,2022-10-15,1158058.3
1172451714,Interest,2022-03-15,1955163.37
4650951692,Principal,2022-04-08,2079302.57
9357464422,Principal,2022-11-15,1936048.01
4909724956,Principal,2022-11-10,2636440.77
2752391119,Principal,2022-02-22,741977.02
1278319135,Interest,2022-05-21,490329.49
5297652108,Interest,2022-11-16,3130312.86
701922594,Interest,2022-12-10,563191.66
6582953419,Interest,2022-10-03,3044153.28
1403435412,Interest,2022-10-10,459607.92
452687660,Principal,2022-02-03,2299488.48
4045674371,Principal,2022-09-16,2642947.22
2912580985,Interest,2022-10-26,1895676.57
9167337169,Principal,2022-11-06,693384.28
2069250052,Interest,2022-09-27,511099.48
8174131785,Interest,2022-07-19,2474876.57
6997084976,Interest,2022-06-10,2510438.86
8972485654,Principal,2022-03-08,1257937.13
8341181139,Interest,2022-07-06,2848185.53
5635695026,Principal,2022-08-18,2708264.99
486442764,Principal,2022-08-01,373917.6
1838901501,Principal,2022-04-26,2946743.4
4785488081,Principal,2022-12-03,2694269.32
4789913250,Principal,2022-04-16,2114379.1
8885879644,Principal,2022-07-03,3394198.86
5577809217,Interest,2022-05-29,440576.79
9475977654,Principal,2022-07-25,459393.01
9085282892,Principal,2022-03-29,3260796.78
5231077972,Interest,2022-01-05,2349246.38
3185282788,Principal,2022-01-16,254570.29
2439160791,Principal,2022-01-27,1078289.1
2782303321,Interest,2022-12-29,1916953.59
6568755070,Principal,2022-03-13,1164194.73
7466048334,Interest,2022-03-24,1656428.74
3834981370,Principal,2022-11-20,2582605.46
6676762376,Principal,2022-03-14,192339.31
755368541,Principal,2022-10-29,1235684.75
1461353932,Interest,2022-05-30,1599753.06
5635691279,Principal,2022-04-28,901291.07
841600840,Principal,2022-10-20,830415.47
9309054231,Principal,2022-07-16,1920315.69
5028732526,Principal,2022-10-01,3020479.01
2222546978,Interest,2022-10-27,3476594.67
9282770099,Principal,2022-01-02,638301.29
253177668,Interest,2022-08-19,2553560.21
5127534254,Principal,2022-04-08,3262331.22
1202136727,Interest,2022-01-15,85997.37
600979605,Interest,2022-06-06,192487.67
9693825721,Principal,2022-12-04,3479406.19
685057628,Principal,2022-03-26,2639119.83
9575341689,Principal,2022-10-19,2374450.92
7249777362,Interest,2022-12-17,1824014.43
715816735,Principal,2022-07-18,2644991.87
729662737,Interest,2022-09-23,505253.95
6736543152,Principal,2022-11-09,993167.78
8680185666,Principal,2022-09-09,2637810.66
4640531809,Interest,2022-01-23,2890017.47
6193190235,Principal,2022-09-16,1246078.99
6592876218,Interest,2022-09-26,2661201.67
187532866,Principal,2022-11-23,2844357.64
8902250289,Interest,2022-03-09,2695421.44
3138076580,Interest,2022-11-05,2628730.36
49783186,Principal,2022-08-20,1742141.78
5943271352,Principal,2022-05-24,1121977.35
4687927848,Principal,2022-11-15,3456519.49
8618790738,Principal,2022-07-21,2191978.4
4349948598,Principal,2022-04-15,2911347.64
53844167,Interest,2022-05-02,3283809.42
9490625545,Principal,2022-03-19,357869.75
3792000619,Principal,2022-09-21,838286.31
6309825866,Principal,2022-09-01,461800.06
8533858240,Principal,2022-09-24,3185075.74
58275423,Interest,2022-08-29,241769.62
5863386078,Principal,2022-01-09,1993111.47
6662738497,Principal,2022-06-08,2541416.11
473207215,Principal,2022-03-02,1254449.79
7164429699,Principal,2022-06-03,1715610.49
7906921432,Principal,2022-07-05,3057304.03
7265033972,Interest,2022-07-13,2342117.04
1443369896,Principal,2022-01-30,2502238.19
4558132123,Interest,2022-01-24,3111734.35
6977058947,Principal,2022-06-03,2536343.67
9237498198,Interest,2022-02-12,1142550.96
3806486730,Principal,2022-06-20,2809476.55
742328476,Principal,2022-09-27,284148.37
1559358498,Principal,2022-02-05,165644.58
8996258439,Principal,2022-04-24,2863774.1
6709798565,Principal,2022-10-13,3343305.59
2068159622,Interest,2022-09-18,641063.49
9125085807,Interest,2022-10-22,434062.56
4271723470,Principal,2022-12-20,791784.6
8995867431,Principal,2022-08-21,1901142.54
3405990789,Principal,2022-12-23,681889
7363762513,Interest,2022-06-23,2570736.33
3290049507,Principal,2022-05-13,1520048.53
3091128911,Principal,2022-08-31,40709.23
3118621553,Principal,2022-10-19,2600173.62
5239189580,Principal,2022-06-20,2699201.06
7156552138,Interest,2022-10-16,866841.37
9253958189,Principal,2022-06-01,612668.55
5819622137,Interest,2022-06-21,686580
3265579148,Interest,2022-05-28,355268.19
3841955719,Principal,2022-08-25,418685.15
1067940216,Interest,2022-03-19,1760518.8
2829851105,Interest,2022-04-21,2176546.11
4361546990,Principal,2022-02-06,2648620.82
4453216088,Interest,2022-07-26,1635263.01
5405838364,Principal,2022-02-02,2091324.32
4728654556,Principal,2022-07-24,3091914.46
440854207,Principal,2022-10-08,2404896.61
7575320573,Interest,2022-04-15,372000.76
3637043043,Principal,2022-10-10,3053886.99
7302580238,Principal,2022-02-17,1640539.96
7561499537,Principal,2022-12-11,1785791.79
9053999707,Interest,2022-08-25,1791304.05
8867819414,Interest,2022-11-11,2266215.95
9489446163,Principal,2022-08-16,3364419.52
5909523425,Principal,2022-07-28,1333623.25
7347923317,Principal,2022-05-02,1617842.09
8419192733,Principal,2022-07-04,1690960.29
9370984637,Principal,2022-05-16,1056024.28
2828731732,Principal,2022-07-27,2190605.31
2447240157,Interest,2022-07-29,1729605.74
3504483093,Interest,2022-07-18,2166095.46
7187757910,Principal,2022-11-17,93748.68
3017877803,Principal,2022-11-11,3488109.92
7919030014,Principal,2022-06-07,2891427.83
8245307937,Interest,2022-09-01,671022.99
6142932418,Principal,2022-03-19,2322491.85
9893869352,Interest,2022-10-14,2734565.28
1975911390,Principal,2022-11-23,1977665.62
8021681020,Interest,2022-12-24,1018228.27
6727059065,Principal,2022-12-29,507084.71
902884838,Principal,2022-02-18,1784943.18
3069963796,Interest,2022-06-16,1793520.01
2750395259,Principal,2022-05-06,333880.19
7139916949,Principal,2022-07-12,86184.05
866422129,Principal,2022-09-13,397053.9
2536398962,Interest,2022-02-24,3346864.09
555172047,Interest,2022-01-28,57678.95
2159226918,Principal,2022-09-13,112927.34
6942995310,Principal,2022-07-31,3219466.44
7815134733,Principal,2022-04-26,3013089.13
1293286771,Principal,2022-09-04,1004533.98
5022967451,Interest,2022-09-01,2436397.03
1600397967,Interest,2022-07-15,903759.42
8042746644,Principal,2022-11-27,2404777.02
4137300639,Principal,2022-10-11,2345483.42
6673771469,Principal,2022-07-31,336999.31
563438900,Interest,2022-11-28,289334.3
6690233145,Principal,2022-06-24,1768212.56
8422091390,Principal,2022-11-16,264543.71
4690072064,Interest,2022-12-19,1593901.74
8224795120,Principal,2022-05-23,2167100.14
9180264649,Interest,2022-03-24,2248093.1
6033626643,Principal,2022-12-04,2736203.98
4275981531,Interest,2022-12-02,1181999
9769112165,Principal,2022-05-05,625606.84
5249450008,Principal,2022-01-04,3492770.72
8373259085,Principal,2022-11-13,3325169.88
8244816204,Principal,2022-06-01,3300839.55
9709952459,Principal,2022-10-27,1662327.71
7131672787,Interest,2022-01-04,2452291.98
206009223,Principal,2022-06-15,843340.09
2124971366,Interest,2022-09-03,1379835.63
9315200988,Principal,2022-05-09,1882118.96
505144776,Principal,2022-03-12,587236.75
9159267629,Principal,2022-08-30,790777.78
5600959652,Principal,2022-03-26,2484757.98
5898113746,Principal,2022-08-10,1112443.14
7914694907,Principal,2022-01-28,1904185.96
7004133446,Principal,2022-11-26,1249147.43
7459099386,Interest,2022-12-05,1462092.96
2920118801,Principal,2022-07-09,1850911.86
3106980475,Interest,2022-01-08,67269.4
1234523555,Principal,2022-01-29,2898576.87
1276685425,Interest,2022-10-29,3052816.96
5826939814,Interest,2022-06-30,492453.02
4605074253,Interest,2022-01-04,3029905.68
6733216940,Principal,2022-09-30,2923372.73
2156042425,Principal,2022-07-06,525797.18
4603941920,Principal,2022-05-27,3459083.54
3189183351,Interest,2022-11-15,1525187.63
697220345,Interest,2022-11-08,373016.63
5377619142,Interest,2022-01-16,2100311.45
5629145419,Principal,2022-12-24,2897177.25
5603822805,Principal,2022-01-13,3352339.01
5565298510,Principal,2022-10-03,2714438.35
7027499815,Principal,2022-03-07,2925114.15
4924988112,Interest,2022-02-19,2700478.01
5041937461,Principal,2022-10-22,2436224.11
1540227793,Principal,2022-01-27,1352008.38
5248677360,Principal,2022-02-07,3342166.09
3285735457,Principal,2022-05-07,2882324.13
6017556328,Principal,2022-08-15,1596176.25
5128264861,Principal,2022-03-17,2523495.6
3859101553,Interest,2022-03-31,238135.48
9076922872,Principal,2022-10-17,3067811.93
3215312111,Principal,2022-06-03,337142.54
7407868753,Interest,2022-02-18,78763.21
3758076929,Interest,2022-09-03,1340189.55
4086477689,Principal,2022-02-14,2533219.14
6145237589,Principal,2022-01-13,3053652.36
4558059882,Principal,2022-09-03,745196.57
4961009979,Principal,2022-01-04,2222224.79
8368482601,Principal,2022-11-28,3142391.77
9280879571,Principal,2022-11-04,3067361.78
4876585720,Interest,2022-10-25,2989120.39
6890018765,Principal,2022-05-23,2134058.06
1596579509,Principal,2022-10-27,932363.93
774871915,Principal,2022-01-20,3381266.65
8381480443,Principal,2022-04-27,682903.62
5052923744,Principal,2022-07-25,2023329.64
8326962196,Principal,2022-10-09,994942.36
4950612527,Principal,2022-11-20,2836500.32
3296812727,Principal,2022-09-08,1237663.63
5525708780,Principal,2022-08-03,2050105.92
7095110221,Principal,2022-05-22,2080156.88
7917899454,Principal,2022-09-11,2836289.58
1376348968,Interest,2022-11-26,3009376.23
2541375547,Principal,2022-02-08,1581112.06
881436536,Principal,2022-05-17,1525529.19
5004549256,Principal,2022-06-12,2613760.51
5342709506,Interest,2022-05-17,368416.13
7641357072,Principal,2022-11-07,1715538.66
8584151554,Interest,2022-05-01,3307868.54
6383121148,Principal,2022-10-08,3352668.88
8854479526,Principal,2022-09-02,461041.88
7866777087,Principal,2022-05-24,1111364.02
6580588656,Principal,2022-05-13,967984.47
2232792024,Principal,2022-04-27,1174541.28
9920376784,Interest,2022-12-08,1351434.7
6723132134,Principal,2022-03-04,1603544.75
3822354151,Interest,2022-05-29,2711763.28
7449035123,Interest,2022-11-05,2998096.87
8749168833,Principal,2022-05-13,2433217.69
7293049723,Principal,2022-05-12,3022248.08
6192682054,Interest,2022-07-05,1530350.45
2133525181,Principal,2022-08-05,114777.62
6295218178,Principal,2022-10-27,1954130.15
2121791898,Principal,2022-04-03,338479.77
7821677989,Interest,2022-03-31,347360.81
4633201150,Principal,2022-05-26,2618361.53
8040918705,Principal,2022-08-25,2563559.81
5502724991,Interest,2022-07-14,1577447.58
1575392411,Principal,2022-06-30,416376.25
8862520805,Principal,2022-10-11,3301504.87
1755002916,Principal,2022-06-08,2116731.86
9258419747,Interest,2022-05-29,3391287.3
3752057719,Principal,2022-04-22,1131682.3
5863884438,Interest,2022-02-01,3488204.86
778131164,Interest,2022-08-07,3272648.32
5669291597,Interest,2022-09-12,1958676.56
9660771854,Principal,2022-11-28,3146339
6475973238,Principal,2022-06-29,2505839.74
7910920641,Interest,2022-09-18,1093257.71
5620975001,Principal,2022-02-09,1959628.49
901111126,Principal,2022-08-08,1397309.66
2709099454,Principal,2022-03-13,2907031.1
8985987427,Interest,2022-03-07,107010.07
7364017295,Interest,2022-03-14,2763924.27
7431391514,Interest,2022-11-28,2606409.1
8183796798,Principal,2022-12-29,297805.44
7802811011,Principal,2022-01-15,2143782.05
7035324555,Principal,2022-10-26,1213362.22
4437796333,Principal,2022-12-29,2041400.49
1949195010,Principal,2022-08-16,313274.15
5504276164,Interest,2022-02-05,1477983.01
8641708430,Principal,2022-03-02,2515633.97
2061387175,Interest,2022-10-17,3026559.15
7987203991,Interest,2022-09-15,2075761.71
145525097,Principal,2022-05-06,1157502.47
6622903033,Principal,2022-07-04,2264810.98
727572342,Interest,2022-12-13,809552.47
1967574527,Principal,2022-11-19,2305819.78
2666385099,Principal,2022-03-20,2034941
8643887450,Principal,2022-09-01,3059506.2
2444380737,Principal,2022-08-24,3014221.25
3638733186,Interest,2022-12-16,900941.8
1114607110,Interest,2022-05-24,2076533.37
1930863423,Principal,2022-12-20,1957739.85
3784457969,Principal,2022-08-08,2726256.57
5805163547,Interest,2022-06-24,670833.17
8728520857,Principal,2022-06-01,2619781.25
3608895631,Interest,2022-04-29,246584.39
8318948991,Principal,2022-10-26,3262495.92
8587754871,Principal,2022-08-23,731343.55
1120901031,Principal,2022-03-29,2516326.35
1659285757,Interest,2022-11-22,1815279.74
1445901457,Interest,2022-06-30,1577656.31
8860104281,Principal,2022-08-31,796033.8
4105392901,Principal,2022-03-31,1575378.43
1267300687,Principal,2022-04-15,390628.18
2523665457,Interest,2022-12-19,671458.89
7652920247,Interest,2022-10-17,1488054.57
5676720556,Interest,2022-07-25,2606293.89
4849745018,Interest,2022-01-07,3427728.64
7312602054,Interest,2022-02-23,3359455.43
6772916495,Interest,2022-09-30,1203314.03
1362527596,Principal,2022-06-30,1461467.05
920919400,Interest,2022-06-12,1747846.44
9528791735,Interest,2022-04-28,3129270.51
8210406084,Principal,2022-01-03,2460170.65
4885167339,Principal,2022-10-30,133088.05
1144084886,Principal,2022-12-29,3324629.35
5054906189,Interest,2022-01-10,167183.77
7679035958,Principal,2022-09-23,1114308.26
5269037937,Interest,2022-09-28,1235962.38
4591042391,Principal,2022-07-24,1224811.26
9087115052,Interest,2022-10-14,1884451.23
936541122,Principal,2022-05-11,400767.39
8467725182,Interest,2022-08-10,972087.62
8748504585,Interest,2022-03-02,2007845.02